timestamp,open,high,low,close,volume
2026-01-27 06:30:00,11.76,11.76,11.76,11.76,0.0
2026-01-27 06:45:00,11.76,11.76,11.76,11.76,0.0
2026-01-27 07:00:00,11.74,11.74,11.73,11.73,8.91
2026-01-27 07:15:00,11.75,11.76,11.75,11.76,5.14
2026-01-27 07:30:00,11.78,11.78,11.78,11.78,9.96
2026-01-27 07:45:00,11.78,11.78,11.78,11.78,0.0
2026-01-27 08:00:00,11.78,11.78,11.78,11.78,0.0
2026-01-27 08:15:00,11.77,11.77,11.77,11.77,2.22
2026-01-27 08:30:00,11.77,11.77,11.77,11.77,0.0
2026-01-27 08:45:00,11.77,11.77,11.77,11.77,0.0
2026-01-27 09:00:00,11.77,11.77,11.77,11.77,0.0
2026-01-27 09:15:00,11.7,11.7,11.68,11.68,19.17
2026-01-27 09:30:00,11.68,11.68,11.68,11.68,0.0
2026-01-27 09:45:00,11.68,11.68,11.68,11.68,0.0
2026-01-27 10:00:00,11.68,11.68,11.68,11.68,0.0
2026-01-27 10:15:00,11.68,11.68,11.68,11.68,0.0
2026-01-27 10:30:00,11.68,11.68,11.68,11.68,0.0
2026-01-27 10:45:00,11.68,11.68,11.68,11.68,0.0
2026-01-27 11:00:00,11.68,11.68,11.68,11.68,0.0
2026-01-27 11:15:00,11.68,11.68,11.68,11.68,0.0
2026-01-27 11:30:00,11.68,11.68,11.68,11.68,0.0
2026-01-27 11:45:00,11.68,11.68,11.68,11.68,0.0
2026-01-27 12:00:00,11.68,11.68,11.68,11.68,0.0
2026-01-27 12:15:00,11.69,11.69,11.69,11.69,1.79
2026-01-27 12:30:00,11.69,11.69,11.69,11.69,0.0
2026-01-27 12:45:00,11.69,11.69,11.69,11.69,0.0
2026-01-27 13:00:00,11.68,11.68,11.67,11.67,5.0
2026-01-27 13:15:00,11.67,11.67,11.67,11.67,0.0
2026-01-27 13:30:00,11.67,11.67,11.67,11.67,0.0
2026-01-27 13:45:00,11.67,11.67,11.67,11.67,0.0
2026-01-27 14:00:00,11.67,11.67,11.67,11.67,5.0
2026-01-27 14:15:00,11.73,11.73,11.73,11.73,1.79
2026-01-27 14:30:00,11.72,11.72,11.72,11.72,1.7
2026-01-27 14:45:00,11.62,11.62,11.62,11.62,4.94
2026-01-27 15:00:00,11.62,11.62,11.62,11.62,0.0
2026-01-27 15:15:00,11.62,11.62,11.62,11.62,0.0
2026-01-27 15:30:00,11.62,11.62,11.62,11.62,1.27
2026-01-27 15:45:00,11.62,11.62,11.62,11.62,0.0
2026-01-27 16:00:00,11.73,11.73,11.73,11.73,0.08
2026-01-27 16:15:00,11.73,11.73,11.73,11.73,0.0
2026-01-27 16:30:00,11.9,11.95,11.9,11.92,136.35
2026-01-27 16:45:00,11.92,11.92,11.92,11.92,0.0
2026-01-27 17:00:00,11.92,11.92,11.92,11.92,0.0
2026-01-27 17:15:00,11.64,11.64,11.64,11.64,136.37
2026-01-27 17:30:00,11.64,11.64,11.64,11.64,0.0
2026-01-27 17:45:00,11.64,11.64,11.64,11.64,0.0
2026-01-27 18:00:00,11.64,11.64,11.64,11.64,0.0
2026-01-27 18:15:00,11.64,11.64,11.64,11.64,0.0
2026-01-27 18:30:00,11.69,11.72,11.69,11.72,1.82
2026-01-27 18:45:00,11.72,11.72,11.72,11.72,0.0
2026-01-27 19:00:00,11.72,11.72,11.72,11.72,0.0
2026-01-27 19:15:00,11.72,11.72,11.72,11.72,0.0
2026-01-27 19:30:00,11.72,11.72,11.72,11.72,0.0
2026-01-27 19:45:00,11.72,11.72,11.72,11.72,0.0
2026-01-27 20:00:00,11.9,11.9,11.9,11.9,1.31
2026-01-27 20:15:00,11.98,11.98,11.97,11.97,5.06
2026-01-27 20:30:00,11.97,11.97,11.97,11.97,0.0
2026-01-27 20:45:00,12.02,12.09,12.02,12.09,124.26
2026-01-27 21:00:00,12.09,12.09,12.09,12.09,0.0
2026-01-27 21:15:00,12.09,12.09,12.09,12.09,0.0
2026-01-27 21:30:00,12.09,12.09,12.09,12.09,0.0
2026-01-27 21:45:00,12.05,12.05,12.05,12.05,2.48
2026-01-27 22:00:00,12.1,12.1,12.1,12.1,0.41
2026-01-27 22:15:00,12.1,12.1,12.1,12.1,0.0
2026-01-27 22:30:00,12.1,12.1,12.1,12.1,0.0
2026-01-27 22:45:00,12.1,12.1,12.1,12.1,0.0
2026-01-27 23:00:00,12.1,12.1,12.1,12.1,0.0
2026-01-27 23:15:00,12.11,12.14,12.11,12.14,15.46
2026-01-27 23:30:00,12.18,12.18,12.18,12.18,0.17
2026-01-27 23:45:00,12.18,12.18,12.18,12.18,0.0
2026-01-28 00:00:00,12.13,12.13,12.13,12.13,20.66
2026-01-28 00:15:00,12.17,12.17,12.17,12.17,0.74
2026-01-28 00:30:00,12.17,12.17,12.17,12.17,0.0
2026-01-28 00:45:00,12.17,12.17,12.17,12.17,0.0
2026-01-28 01:00:00,12.17,12.17,12.17,12.17,0.0
2026-01-28 01:15:00,12.17,12.17,12.17,12.17,0.0
2026-01-28 01:30:00,12.12,12.12,12.12,12.12,1.65
2026-01-28 01:45:00,12.12,12.12,12.12,12.12,0.0
2026-01-28 02:00:00,12.13,12.13,12.13,12.13,0.17
2026-01-28 02:15:00,12.13,12.13,12.13,12.13,0.0
2026-01-28 02:30:00,12.13,12.13,12.13,12.13,0.0
2026-01-28 02:45:00,12.08,12.08,12.08,12.08,1.07
2026-01-28 03:00:00,12.08,12.08,12.08,12.08,0.0
2026-01-28 03:15:00,12.08,12.08,12.08,12.08,0.0
2026-01-28 03:30:00,12.08,12.08,12.08,12.08,0.0
2026-01-28 03:45:00,12.09,12.09,12.09,12.09,0.17
2026-01-28 04:00:00,12.09,12.09,12.09,12.09,0.0
2026-01-28 04:15:00,12.09,12.09,12.09,12.09,0.0
2026-01-28 04:30:00,12.09,12.09,12.09,12.09,0.0
2026-01-28 04:45:00,12.09,12.09,12.09,12.09,0.0
2026-01-28 05:00:00,12.1,12.1,12.1,12.1,2.06
2026-01-28 05:15:00,12.1,12.1,12.1,12.1,0.0
2026-01-28 05:30:00,12.1,12.1,12.1,12.1,0.0
2026-01-28 05:45:00,12.1,12.1,12.1,12.1,0.0
2026-01-28 06:00:00,12.16,12.18,12.16,12.18,85.0
2026-01-28 06:15:00,12.18,12.18,12.18,12.18,0.0
2026-01-28 06:30:00,12.11,12.12,12.09,12.09,54.04
2026-01-28 06:45:00,12.09,12.09,12.09,12.09,0.0
2026-01-28 07:00:00,12.13,12.15,12.1,12.1,64.47
2026-01-28 07:15:00,12.1,12.1,12.1,12.1,0.0
2026-01-28 07:30:00,12.09,12.09,12.09,12.09,1.52
2026-01-28 07:45:00,12.09,12.09,12.09,12.09,0.0
2026-01-28 08:00:00,12.09,12.09,12.09,12.09,0.0
2026-01-28 08:15:00,12.09,12.09,12.09,12.09,0.0
2026-01-28 08:30:00,12.06,12.06,12.06,12.06,42.93
2026-01-28 08:45:00,12.06,12.06,12.06,12.06,0.0
2026-01-28 09:00:00,12.06,12.06,12.06,12.06,0.0
2026-01-28 09:15:00,12.03,12.03,12.03,12.03,5.33
2026-01-28 09:30:00,12.08,12.16,12.08,12.16,5.35
2026-01-28 09:45:00,12.16,12.16,12.16,12.16,0.0
2026-01-28 10:00:00,12.16,12.16,12.16,12.16,0.0
2026-01-28 10:15:00,12.2,12.21,12.2,12.21,2.43
2026-01-28 10:30:00,12.21,12.21,12.21,12.21,0.0
2026-01-28 10:45:00,12.21,12.21,12.21,12.21,0.0
2026-01-28 11:00:00,12.21,12.21,12.21,12.21,0.0
2026-01-28 11:15:00,12.21,12.21,12.21,12.21,0.0
2026-01-28 11:30:00,12.21,12.21,12.21,12.21,0.0
2026-01-28 11:45:00,12.21,12.21,12.21,12.21,82.0
2026-01-28 12:00:00,12.25,12.27,12.25,12.27,1.47
2026-01-28 12:15:00,12.27,12.27,12.27,12.27,0.0
2026-01-28 12:30:00,12.27,12.27,12.27,12.27,0.0
2026-01-28 12:45:00,12.27,12.27,12.27,12.27,0.0
2026-01-28 13:00:00,12.27,12.27,12.27,12.27,0.0
2026-01-28 13:15:00,12.27,12.27,12.27,12.27,0.0
2026-01-28 13:30:00,12.21,12.21,12.21,12.21,2.44
2026-01-28 13:45:00,12.21,12.21,12.21,12.21,0.0
2026-01-28 14:00:00,12.21,12.21,12.21,12.21,0.0
2026-01-28 14:15:00,12.21,12.21,12.21,12.21,0.0
2026-01-28 14:30:00,12.21,12.21,12.21,12.21,0.0
2026-01-28 14:45:00,12.21,12.21,12.21,12.21,0.0
2026-01-28 15:00:00,12.0,12.0,11.97,11.97,2.68
2026-01-28 15:15:00,12.03,12.03,12.03,12.03,0.25
2026-01-28 15:30:00,12.01,12.06,12.01,12.06,13.18
2026-01-28 15:45:00,12.07,12.07,12.07,12.07,10.78
2026-01-28 16:00:00,11.98,11.98,11.97,11.97,15.5
2026-01-28 16:15:00,11.97,11.97,11.97,11.97,0.0
2026-01-28 16:30:00,11.97,11.97,11.97,11.97,0.0
2026-01-28 16:45:00,12.03,12.03,12.03,12.03,2.5
2026-01-28 17:00:00,12.03,12.03,12.03,12.03,0.0
2026-01-28 17:15:00,12.03,12.03,12.03,12.03,0.0
2026-01-28 17:30:00,11.94,11.94,11.94,11.94,0.17
2026-01-28 17:45:00,11.94,11.94,11.94,11.94,0.0
2026-01-28 18:00:00,11.94,11.94,11.94,11.94,0.0
2026-01-28 18:15:00,11.94,11.94,11.94,11.94,0.0
2026-01-28 18:30:00,12.01,12.03,12.01,12.03,1.81
2026-01-28 18:45:00,12.03,12.03,12.03,12.03,0.0
2026-01-28 19:00:00,12.03,12.03,12.03,12.03,0.0
2026-01-28 19:15:00,12.03,12.03,12.03,12.03,0.0
2026-01-28 19:30:00,12.03,12.03,12.03,12.03,0.0
2026-01-28 19:45:00,12.05,12.05,12.05,12.05,1.66
2026-01-28 20:00:00,12.07,12.07,12.07,12.07,2.49
2026-01-28 20:15:00,12.12,12.12,12.12,12.12,20.83
2026-01-28 20:30:00,12.12,12.12,12.12,12.12,0.0
2026-01-28 20:45:00,12.12,12.12,12.12,12.12,0.0
2026-01-28 21:00:00,12.12,12.12,12.12,12.12,0.0
2026-01-28 21:15:00,12.06,12.06,12.06,12.06,19.17
2026-01-28 21:30:00,12.06,12.06,12.06,12.06,0.0
2026-01-28 21:45:00,12.09,12.09,12.09,12.09,1.4
2026-01-28 22:00:00,12.09,12.09,12.09,12.09,3.89
2026-01-28 22:15:00,12.09,12.09,12.09,12.09,0.0
2026-01-28 22:30:00,12.1,12.1,12.1,12.1,27.75
2026-01-28 22:45:00,12.1,12.1,12.1,12.1,0.0
2026-01-28 23:00:00,12.14,12.14,12.14,12.14,1.4
2026-01-28 23:15:00,12.14,12.14,12.14,12.14,0.0
2026-01-28 23:30:00,12.14,12.14,12.14,12.14,0.0
2026-01-28 23:45:00,12.14,12.14,12.14,12.14,0.0
2026-01-29 00:00:00,12.14,12.14,12.14,12.14,0.0
2026-01-29 00:15:00,12.14,12.14,12.14,12.14,0.0
2026-01-29 00:30:00,12.14,12.14,12.14,12.14,0.0
2026-01-29 00:45:00,12.14,12.14,12.14,12.14,0.0
2026-01-29 01:00:00,12.14,12.14,12.14,12.14,0.0
2026-01-29 01:15:00,12.14,12.14,12.14,12.14,0.0
2026-01-29 01:30:00,12.14,12.14,12.14,12.14,0.0
2026-01-29 01:45:00,12.14,12.14,12.14,12.14,0.0
2026-01-29 02:00:00,12.14,12.14,12.14,12.14,0.0
2026-01-29 02:15:00,12.14,12.14,12.14,12.14,0.0
2026-01-29 02:30:00,11.91,11.91,11.8,11.8,37.51
2026-01-29 02:45:00,11.81,11.81,11.77,11.8,262.72
2026-01-29 03:00:00,11.79,11.83,11.79,11.83,400.94
2026-01-29 03:15:00,11.84,11.84,11.82,11.83,91.67
2026-01-29 03:30:00,11.78,11.78,11.78,11.78,12.73
2026-01-29 03:45:00,11.78,11.78,11.78,11.78,0.0
2026-01-29 04:00:00,11.75,11.75,11.75,11.75,5.0
2026-01-29 04:15:00,11.7,11.74,11.7,11.74,129.27
2026-01-29 04:30:00,11.79,11.79,11.79,11.79,11.07
2026-01-29 04:45:00,11.79,11.79,11.79,11.79,0.0
2026-01-29 05:00:00,11.78,11.82,11.78,11.82,31.49
2026-01-29 05:15:00,11.82,11.82,11.82,11.82,0.0
2026-01-29 05:30:00,11.82,11.82,11.82,11.82,0.0
2026-01-29 05:45:00,11.82,11.82,11.82,11.82,0.0
2026-01-29 06:00:00,11.82,11.82,11.82,11.82,0.0
2026-01-29 06:15:00,11.82,11.82,11.82,11.82,0.0
2026-01-29 06:30:00,11.82,11.82,11.82,11.82,0.0
2026-01-29 06:45:00,11.82,11.82,11.82,11.82,0.0
2026-01-29 07:00:00,11.82,11.82,11.82,11.82,0.0
2026-01-29 07:15:00,11.84,11.84,11.84,11.84,0.55
2026-01-29 07:30:00,11.84,11.84,11.84,11.84,0.0
2026-01-29 07:45:00,11.8,11.8,11.8,11.8,3.18
2026-01-29 08:00:00,11.8,11.8,11.78,11.78,12.01
2026-01-29 08:15:00,11.78,11.78,11.78,11.78,0.0
2026-01-29 08:30:00,11.78,11.78,11.78,11.78,0.0
2026-01-29 08:45:00,11.75,11.76,11.75,11.76,12.76
2026-01-29 09:00:00,11.76,11.76,11.76,11.76,0.0
2026-01-29 09:15:00,11.72,11.72,11.72,11.72,0.33
2026-01-29 09:30:00,11.72,11.72,11.72,11.72,0.0
2026-01-29 09:45:00,11.72,11.72,11.72,11.72,0.0
2026-01-29 10:00:00,11.72,11.72,11.72,11.72,0.0
2026-01-29 10:15:00,11.72,11.72,11.72,11.72,0.0
2026-01-29 10:30:00,11.72,11.72,11.72,11.72,0.0
2026-01-29 10:45:00,11.72,11.72,11.72,11.72,0.0
2026-01-29 11:00:00,11.72,11.72,11.72,11.72,0.0
2026-01-29 11:15:00,11.65,11.7,11.65,11.7,22.63
2026-01-29 11:30:00,11.7,11.7,11.7,11.7,0.0
2026-01-29 11:45:00,11.7,11.7,11.7,11.7,0.0
2026-01-29 12:00:00,11.7,11.7,11.7,11.7,0.0
2026-01-29 12:15:00,11.66,11.66,11.66,11.66,50.0
2026-01-29 12:30:00,11.64,11.64,11.6,11.6,3.14
2026-01-29 12:45:00,11.6,11.6,11.56,11.56,35.42
2026-01-29 13:00:00,11.56,11.56,11.56,11.56,0.0
2026-01-29 13:15:00,11.56,11.56,11.56,11.56,0.0
2026-01-29 13:30:00,11.55,11.55,11.55,11.55,2.9
2026-01-29 13:45:00,11.57,11.57,11.57,11.57,13.25
2026-01-29 14:00:00,11.57,11.57,11.57,11.57,0.0
2026-01-29 14:15:00,11.57,11.57,11.57,11.57,0.0
2026-01-29 14:30:00,11.57,11.57,11.57,11.57,0.0
2026-01-29 14:45:00,11.5,11.5,11.2,11.2,130.27
2026-01-29 15:00:00,11.13,11.21,10.95,10.99,191.62
2026-01-29 15:15:00,10.95,11.01,10.93,11.01,21.32
2026-01-29 15:30:00,11.0,11.0,11.0,11.0,8.86
2026-01-29 15:45:00,10.9,10.9,10.9,10.9,61.0
2026-01-29 16:00:00,11.01,11.01,11.01,11.01,2.27
2026-01-29 16:15:00,10.97,10.99,10.97,10.99,408.99
2026-01-29 16:30:00,10.99,10.99,10.99,10.99,0.0
2026-01-29 16:45:00,11.05,11.05,11.05,11.05,0.9
2026-01-29 17:00:00,11.05,11.05,11.05,11.05,0.0
2026-01-29 17:15:00,11.05,11.05,11.05,11.05,0.0
2026-01-29 17:30:00,11.05,11.05,11.05,11.05,0.0
2026-01-29 17:45:00,11.06,11.06,11.06,11.06,2.0
2026-01-29 18:00:00,11.06,11.06,11.06,11.06,5.61
2026-01-29 18:15:00,11.0,11.0,10.97,10.97,934.16
2026-01-29 18:30:00,10.98,10.98,10.97,10.97,20.37
2026-01-29 18:45:00,10.97,10.97,10.97,10.97,0.0
2026-01-29 19:00:00,10.85,10.92,10.85,10.89,254.48
2026-01-29 19:15:00,10.89,10.89,10.89,10.89,0.0
2026-01-29 19:30:00,10.93,10.93,10.93,10.93,0.31
2026-01-29 19:45:00,11.02,11.02,11.02,11.02,0.31
2026-01-29 20:00:00,11.0,11.0,10.98,10.98,19.4
2026-01-29 20:15:00,10.98,10.98,10.98,10.98,0.0
2026-01-29 20:30:00,10.98,10.98,10.98,10.98,0.0
2026-01-29 20:45:00,11.02,11.05,11.02,11.05,4.41
2026-01-29 21:00:00,11.06,11.06,11.06,11.06,47.51
2026-01-29 21:15:00,11.06,11.06,11.06,11.06,0.0
2026-01-29 21:30:00,11.06,11.06,11.06,11.06,0.0
2026-01-29 21:45:00,11.06,11.06,11.06,11.06,0.0
2026-01-29 22:00:00,11.09,11.1,11.09,11.1,3.18
2026-01-29 22:15:00,11.1,11.1,11.1,11.1,0.0
2026-01-29 22:30:00,11.1,11.1,11.1,11.1,0.0
2026-01-29 22:45:00,11.1,11.1,11.1,11.1,0.0
2026-01-29 23:00:00,11.04,11.04,11.04,11.04,4.5
2026-01-29 23:15:00,11.04,11.04,11.04,11.04,0.0
2026-01-29 23:30:00,11.04,11.04,11.04,11.04,0.0
2026-01-29 23:45:00,11.04,11.04,11.04,11.04,0.0
2026-01-30 00:00:00,11.04,11.04,11.04,11.04,0.0
2026-01-30 00:15:00,11.04,11.04,11.04,11.04,0.0
2026-01-30 00:30:00,11.04,11.04,11.04,11.04,21.1
2026-01-30 00:45:00,11.04,11.04,11.04,11.04,0.0
2026-01-30 01:00:00,11.04,11.04,11.04,11.04,0.0
2026-01-30 01:15:00,11.07,11.07,11.07,11.07,49.48
2026-01-30 01:30:00,10.87,10.87,10.77,10.84,80.69
2026-01-30 01:45:00,10.84,10.84,10.84,10.84,0.0
2026-01-30 02:00:00,10.97,10.97,10.97,10.97,2.0
2026-01-30 02:15:00,10.97,10.97,10.97,10.97,0.0
2026-01-30 02:30:00,10.97,10.97,10.97,10.97,0.0
2026-01-30 02:45:00,10.92,10.94,10.92,10.94,31.98
2026-01-30 03:00:00,10.95,10.97,10.95,10.97,5.92
2026-01-30 03:15:00,10.97,10.97,10.94,10.95,70.51
2026-01-30 03:30:00,10.92,10.95,10.92,10.93,3.14
2026-01-30 03:45:00,10.93,10.93,10.92,10.92,15.12
2026-01-30 04:00:00,10.92,10.92,10.92,10.92,0.0
2026-01-30 04:15:00,10.92,10.92,10.92,10.92,0.0
2026-01-30 04:30:00,10.92,10.92,10.92,10.92,0.0
2026-01-30 04:45:00,10.92,10.92,10.92,10.92,0.0
2026-01-30 05:00:00,10.99,10.99,10.99,10.99,2.27
2026-01-30 05:15:00,10.99,10.99,10.99,10.99,0.0
2026-01-30 05:30:00,10.99,10.99,10.99,10.99,0.0
2026-01-30 05:45:00,10.99,10.99,10.99,10.99,0.0
2026-01-30 06:00:00,10.95,10.95,10.95,10.95,0.36
2026-01-30 06:15:00,10.95,10.95,10.95,10.95,0.0
2026-01-30 06:30:00,10.84,10.85,10.83,10.84,18.0
2026-01-30 06:45:00,10.84,10.84,10.84,10.84,0.0
2026-01-30 07:00:00,10.84,10.84,10.84,10.84,0.0
2026-01-30 07:15:00,10.84,10.84,10.84,10.84,0.0
2026-01-30 07:30:00,10.84,10.84,10.84,10.84,0.0
2026-01-30 07:45:00,10.84,10.84,10.84,10.84,0.0
2026-01-30 08:00:00,10.95,10.95,10.95,10.95,12.99
2026-01-30 08:15:00,10.95,10.95,10.95,10.95,0.0
2026-01-30 08:30:00,10.95,10.95,10.95,10.95,0.0
2026-01-30 08:45:00,10.95,10.95,10.95,10.95,0.0
2026-01-30 09:00:00,10.95,10.95,10.95,10.95,0.0
2026-01-30 09:15:00,10.9,10.9,10.85,10.85,55.6
2026-01-30 09:30:00,10.85,10.85,10.85,10.85,0.0
2026-01-30 09:45:00,10.85,10.85,10.85,10.85,0.0
2026-01-30 10:00:00,10.85,10.85,10.85,10.85,0.0
2026-01-30 10:15:00,10.85,10.85,10.85,10.85,0.0
2026-01-30 10:30:00,10.85,10.85,10.85,10.85,0.0
2026-01-30 10:45:00,10.85,10.85,10.85,10.85,0.0
2026-01-30 11:00:00,10.96,10.96,10.96,10.96,14.67
2026-01-30 11:15:00,10.96,10.96,10.96,10.96,0.0
2026-01-30 11:30:00,10.96,10.96,10.96,10.96,0.0
2026-01-30 11:45:00,11.01,11.01,10.97,10.97,14.02
2026-01-30 12:00:00,10.97,10.97,10.97,10.97,0.0
2026-01-30 12:15:00,10.97,10.97,10.97,10.97,0.0
2026-01-30 12:30:00,10.97,10.97,10.97,10.97,0.0
2026-01-30 12:45:00,10.97,10.97,10.97,10.97,0.0
2026-01-30 13:00:00,10.93,10.93,10.93,10.93,2.28
2026-01-30 13:15:00,10.93,10.93,10.93,10.93,0.0
2026-01-30 13:30:00,10.93,10.93,10.93,10.93,0.0
2026-01-30 13:45:00,10.89,10.89,10.89,10.89,0.46
2026-01-30 14:00:00,10.92,10.93,10.92,10.93,36.62
2026-01-30 14:15:00,10.93,10.93,10.93,10.93,0.24
2026-01-30 14:30:00,10.95,10.96,10.95,10.95,46.65
2026-01-30 14:45:00,10.96,10.96,10.96,10.96,0.74
2026-01-30 15:00:00,10.96,11.01,10.95,11.01,72.94
2026-01-30 15:15:00,11.01,11.01,11.01,11.01,0.0
2026-01-30 15:30:00,10.96,10.96,10.92,10.96,15.77
2026-01-30 15:45:00,10.96,10.96,10.96,10.96,0.0
2026-01-30 16:00:00,10.96,10.96,10.96,10.96,0.0
2026-01-30 16:15:00,10.93,10.94,10.93,10.94,50.0
2026-01-30 16:30:00,10.96,10.96,10.96,10.96,2.88
2026-01-30 16:45:00,10.97,10.97,10.97,10.97,3.91
2026-01-30 17:00:00,10.93,10.94,10.93,10.94,18.31
2026-01-30 17:15:00,10.94,10.94,10.94,10.94,0.0
2026-01-30 17:30:00,10.94,10.94,10.94,10.94,0.0
2026-01-30 17:45:00,10.94,10.94,10.92,10.92,195.53
2026-01-30 18:00:00,10.92,10.92,10.92,10.92,0.0
2026-01-30 18:15:00,10.85,10.85,10.62,10.62,17.2
2026-01-30 18:30:00,10.62,10.62,10.62,10.62,0.0
2026-01-30 18:45:00,10.99,11.01,10.99,11.01,100.01
2026-01-30 19:00:00,11.01,11.01,11.01,11.01,258.57
2026-01-30 19:15:00,11.03,11.04,11.02,11.04,19.72
2026-01-30 19:30:00,11.04,11.04,11.04,11.04,0.0
2026-01-30 19:45:00,11.04,11.04,11.04,11.04,0.0
2026-01-30 20:00:00,10.95,10.95,10.93,10.93,93.28
2026-01-30 20:15:00,10.93,10.93,10.93,10.93,0.0
2026-01-30 20:30:00,10.83,10.83,10.83,10.83,2.09
2026-01-30 20:45:00,10.85,10.9,10.85,10.9,192.75
2026-01-30 21:00:00,10.87,10.87,10.87,10.87,0.37
2026-01-30 21:15:00,10.87,10.87,10.87,10.87,0.0
2026-01-30 21:30:00,10.91,10.94,10.88,10.88,462.63
2026-01-30 21:45:00,10.88,10.88,10.88,10.88,0.0
2026-01-30 22:00:00,10.88,10.88,10.88,10.88,0.0
2026-01-30 22:15:00,10.86,10.86,10.86,10.86,11.21
2026-01-30 22:30:00,10.86,10.86,10.86,10.86,0.0
2026-01-30 22:45:00,10.9,10.9,10.9,10.9,30.27
2026-01-30 23:00:00,10.91,10.91,10.91,10.91,1.83
2026-01-30 23:15:00,10.91,10.91,10.91,10.91,0.0
2026-01-30 23:30:00,10.91,10.91,10.91,10.91,0.0
2026-01-30 23:45:00,10.91,10.91,10.91,10.91,0.0
2026-01-31 00:00:00,10.91,10.91,10.91,10.91,0.0
2026-01-31 00:15:00,10.91,10.91,10.91,10.91,0.0
2026-01-31 00:30:00,10.86,10.86,10.86,10.86,1.28
2026-01-31 00:45:00,10.86,10.86,10.86,10.86,0.0
2026-01-31 01:00:00,10.86,10.86,10.86,10.86,0.0
2026-01-31 01:15:00,10.86,10.86,10.86,10.86,0.0
2026-01-31 01:30:00,10.88,10.89,10.88,10.89,30.79
2026-01-31 01:45:00,10.89,10.89,10.89,10.89,0.0
2026-01-31 02:00:00,10.87,10.87,10.87,10.87,2.0
2026-01-31 02:15:00,10.82,10.82,10.82,10.82,2.74
2026-01-31 02:30:00,10.82,10.82,10.82,10.82,0.0
2026-01-31 02:45:00,10.82,10.82,10.82,10.82,0.0
2026-01-31 03:00:00,10.82,10.82,10.82,10.82,0.0
2026-01-31 03:15:00,10.82,10.82,10.82,10.82,0.0
2026-01-31 03:30:00,10.82,10.82,10.82,10.82,0.0
2026-01-31 03:45:00,10.82,10.82,10.82,10.82,0.0
2026-01-31 04:00:00,10.88,10.88,10.88,10.88,0.46
2026-01-31 04:15:00,10.88,10.88,10.88,10.88,0.0
2026-01-31 04:30:00,10.88,10.88,10.88,10.88,0.0
2026-01-31 04:45:00,10.88,10.88,10.88,10.88,0.0
2026-01-31 05:00:00,10.83,10.83,10.83,10.83,2.3
2026-01-31 05:15:00,10.83,10.83,10.83,10.83,0.0
2026-01-31 05:30:00,10.81,10.82,10.8,10.81,739.8
2026-01-31 05:45:00,10.81,10.81,10.81,10.81,0.0
2026-01-31 06:00:00,10.81,10.81,10.81,10.81,0.0
2026-01-31 06:15:00,10.77,10.77,10.7,10.7,77.51
2026-01-31 06:30:00,10.7,10.7,10.7,10.7,20.53
2026-01-31 06:45:00,10.71,10.71,10.71,10.71,20.46
2026-01-31 07:00:00,10.71,10.71,10.71,10.71,0.0
2026-01-31 07:15:00,10.71,10.71,10.71,10.71,0.0
2026-01-31 07:30:00,10.6,10.6,10.6,10.6,1.33
2026-01-31 07:45:00,10.64,10.64,10.64,10.64,1.97
2026-01-31 08:00:00,10.64,10.64,10.64,10.64,0.0
2026-01-31 08:15:00,10.59,10.59,10.53,10.53,29.11
2026-01-31 08:30:00,10.5,10.5,10.42,10.44,180.09
2026-01-31 08:45:00,10.51,10.51,10.51,10.51,1.31
2026-01-31 09:00:00,10.56,10.56,10.56,10.56,2.07
2026-01-31 09:15:00,10.56,10.56,10.56,10.56,17.41
2026-01-31 09:30:00,10.57,10.61,10.57,10.61,20.75
2026-01-31 09:45:00,10.6,10.6,10.6,10.6,17.26
2026-01-31 10:00:00,10.6,10.6,10.6,10.6,0.0
2026-01-31 10:15:00,10.6,10.6,10.6,10.6,0.0
2026-01-31 10:30:00,10.6,10.6,10.6,10.6,0.0
2026-01-31 10:45:00,10.6,10.6,10.6,10.6,0.0
2026-01-31 11:00:00,10.62,10.62,10.62,10.62,0.81
2026-01-31 11:15:00,10.62,10.62,10.62,10.62,0.0
2026-01-31 11:30:00,10.62,10.62,10.62,10.62,0.0
2026-01-31 11:45:00,10.62,10.62,10.62,10.62,0.0
2026-01-31 12:00:00,10.62,10.62,10.62,10.62,0.0
2026-01-31 12:15:00,10.62,10.62,10.62,10.62,0.0
2026-01-31 12:30:00,10.62,10.62,10.62,10.62,0.0
2026-01-31 12:45:00,10.58,10.58,10.58,10.58,78.72
2026-01-31 13:00:00,10.58,10.58,10.58,10.58,0.0
2026-01-31 13:15:00,10.58,10.58,10.58,10.58,0.0
2026-01-31 13:30:00,10.58,10.58,10.58,10.58,0.0
2026-01-31 13:45:00,10.58,10.58,10.58,10.58,0.0
2026-01-31 14:00:00,10.39,10.39,10.39,10.39,12.17
2026-01-31 14:15:00,10.37,10.37,10.03,10.16,177.89
2026-01-31 14:30:00,10.11,10.14,10.01,10.06,127.01
2026-01-31 14:45:00,10.03,10.07,10.01,10.07,59.78
2026-01-31 15:00:00,10.13,10.19,10.13,10.19,23.07
2026-01-31 15:15:00,10.19,10.19,10.19,10.19,0.0
2026-01-31 15:30:00,10.19,10.19,10.19,10.19,0.0
2026-01-31 15:45:00,10.21,10.21,10.21,10.21,2.44
2026-01-31 16:00:00,10.21,10.21,10.21,10.21,0.0
2026-01-31 16:15:00,10.13,10.24,10.13,10.24,25.55
2026-01-31 16:30:00,10.24,10.24,10.24,10.24,0.0
2026-01-31 16:45:00,10.08,10.08,10.08,10.08,19.61
2026-01-31 17:00:00,10.11,10.11,9.79,9.79,948.16
2026-01-31 17:15:00,9.83,9.83,9.78,9.83,60.15
2026-01-31 17:30:00,9.83,9.84,9.71,9.75,288.96
2026-01-31 17:45:00,9.81,9.81,9.71,9.8,48.99
2026-01-31 18:00:00,9.81,9.85,9.77,9.85,555.6
2026-01-31 18:15:00,9.8,9.8,9.73,9.76,79.78
2026-01-31 18:30:00,9.71,9.71,9.28,9.57,330.78
2026-01-31 18:45:00,9.71,9.77,9.71,9.77,119.77
2026-01-31 19:00:00,9.81,9.88,9.77,9.87,140.49
2026-01-31 19:15:00,9.87,9.87,9.87,9.87,0.0
2026-01-31 19:30:00,9.87,9.87,9.87,9.87,3.69
2026-01-31 19:45:00,9.9,9.91,9.9,9.91,2.12
2026-01-31 20:00:00,9.86,9.87,9.86,9.87,1.01
2026-01-31 20:15:00,9.9,9.94,9.81,9.81,38.58
2026-01-31 20:30:00,9.85,9.85,9.85,9.85,0.28
2026-01-31 20:45:00,9.9,9.9,9.83,9.86,21.3
2026-01-31 21:00:00,9.86,9.86,9.86,9.86,0.0
2026-01-31 21:15:00,9.88,9.88,9.88,9.88,0.42
2026-01-31 21:30:00,9.94,9.94,9.94,9.94,1.56
2026-01-31 21:45:00,9.94,9.94,9.94,9.94,0.0
2026-01-31 22:00:00,10.0,10.01,10.0,10.01,0.5
2026-01-31 22:15:00,9.92,9.92,9.92,9.92,120.56
2026-01-31 22:30:00,9.96,9.96,9.92,9.92,62.04
2026-01-31 22:45:00,9.92,9.92,9.92,9.92,0.0
2026-01-31 23:00:00,9.96,9.96,9.96,9.96,18.25
2026-01-31 23:15:00,10.03,10.14,10.03,10.13,243.09
2026-01-31 23:30:00,10.13,10.13,10.13,10.13,0.0
2026-01-31 23:45:00,10.13,10.13,10.13,10.13,0.0
2026-02-01 00:00:00,10.13,10.13,10.13,10.13,0.0
2026-02-01 00:15:00,10.18,10.18,10.18,10.18,1.31
2026-02-01 00:30:00,10.18,10.18,10.18,10.18,0.0
2026-02-01 00:45:00,10.18,10.18,10.18,10.18,0.0
2026-02-01 01:00:00,10.11,10.12,10.11,10.12,27.33
2026-02-01 01:15:00,10.12,10.12,10.12,10.12,0.0
2026-02-01 01:30:00,10.12,10.12,10.12,10.12,0.0
2026-02-01 01:45:00,10.12,10.12,10.12,10.12,0.0
2026-02-01 02:00:00,10.21,10.21,10.21,10.21,1.69
2026-02-01 02:15:00,10.22,10.22,10.15,10.15,13.83
2026-02-01 02:30:00,10.21,10.22,10.21,10.22,9.76
2026-02-01 02:45:00,10.22,10.22,10.22,10.22,0.0
2026-02-01 03:00:00,10.22,10.22,10.22,10.22,0.0
2026-02-01 03:15:00,10.22,10.22,10.22,10.22,0.0
2026-02-01 03:30:00,10.22,10.22,10.22,10.22,0.0
2026-02-01 03:45:00,10.21,10.21,10.21,10.21,1.07
2026-02-01 04:00:00,10.21,10.21,10.21,10.21,0.0
2026-02-01 04:15:00,10.24,10.25,10.24,10.25,5.85
2026-02-01 04:30:00,10.25,10.25,10.25,10.25,0.0
2026-02-01 04:45:00,10.25,10.25,10.25,10.25,0.0
2026-02-01 05:00:00,10.21,10.22,10.21,10.21,7.33
2026-02-01 05:15:00,10.21,10.21,10.21,10.21,0.0
2026-02-01 05:30:00,10.19,10.19,10.19,10.19,2.1
2026-02-01 05:45:00,10.19,10.19,10.19,10.19,0.0
2026-02-01 06:00:00,10.19,10.19,10.19,10.19,0.0
2026-02-01 06:15:00,10.24,10.24,10.24,10.24,0.48
2026-02-01 06:30:00,10.24,10.24,10.24,10.24,0.0
2026-02-01 06:45:00,10.24,10.24,10.24,10.24,0.0
2026-02-01 07:00:00,10.24,10.24,10.24,10.24,0.0
2026-02-01 07:15:00,10.24,10.24,10.24,10.24,0.0
2026-02-01 07:30:00,10.24,10.24,10.24,10.24,0.0
2026-02-01 07:45:00,10.24,10.24,10.24,10.24,0.0
2026-02-01 08:00:00,10.24,10.24,10.24,10.24,0.0
2026-02-01 08:15:00,10.19,10.19,10.19,10.19,10.0
2026-02-01 08:30:00,10.19,10.19,10.19,10.19,0.0
2026-02-01 08:45:00,10.19,10.19,10.19,10.19,0.0
2026-02-01 09:00:00,10.19,10.19,10.19,10.19,0.0
2026-02-01 09:15:00,10.13,10.13,10.13,10.13,7.26
2026-02-01 09:30:00,10.13,10.13,10.13,10.13,0.0
2026-02-01 09:45:00,10.13,10.13,10.13,10.13,0.0
2026-02-01 10:00:00,10.13,10.13,10.13,10.13,0.0
2026-02-01 10:15:00,10.13,10.13,10.13,10.13,0.0
2026-02-01 10:30:00,10.1,10.1,10.07,10.07,60.12
2026-02-01 10:45:00,10.06,10.06,10.04,10.04,3.4
2026-02-01 11:00:00,10.07,10.07,10.07,10.07,2.47
2026-02-01 11:15:00,10.07,10.07,10.07,10.07,0.0
2026-02-01 11:30:00,10.12,10.12,10.12,10.12,17.84
2026-02-01 11:45:00,10.12,10.12,10.12,10.12,0.0
2026-02-01 12:00:00,10.12,10.12,10.12,10.12,0.0
2026-02-01 12:15:00,10.12,10.12,10.12,10.12,0.0
2026-02-01 12:30:00,10.12,10.12,10.12,10.12,0.0
2026-02-01 12:45:00,10.06,10.06,10.06,10.06,8.6
2026-02-01 13:00:00,10.06,10.06,10.06,10.06,0.0
2026-02-01 13:15:00,10.06,10.06,10.06,10.06,0.0
2026-02-01 13:30:00,10.06,10.06,10.06,10.06,0.0
2026-02-01 13:45:00,10.06,10.06,10.06,10.06,0.0
2026-02-01 14:00:00,10.07,10.08,10.07,10.08,8.48
2026-02-01 14:15:00,10.08,10.08,10.08,10.08,0.0
2026-02-01 14:30:00,10.01,10.01,9.86,9.98,438.65
2026-02-01 14:45:00,10.06,10.06,10.06,10.06,19.15
2026-02-01 15:00:00,10.0,10.0,9.99,9.99,1.0
2026-02-01 15:15:00,9.81,9.82,9.81,9.82,1.85
2026-02-01 15:30:00,9.81,9.81,9.81,9.81,9.79
2026-02-01 15:45:00,9.81,9.81,9.81,9.81,0.0
2026-02-01 16:00:00,9.86,9.86,9.86,9.86,0.76
2026-02-01 16:15:00,9.83,9.83,9.83,9.83,85.85
2026-02-01 16:30:00,9.9,9.9,9.82,9.82,19.13
2026-02-01 16:45:00,9.82,9.82,9.82,9.82,1450.35
2026-02-01 17:00:00,9.9,9.9,9.9,9.9,3.05
2026-02-01 17:15:00,9.87,9.87,9.84,9.85,86.64
2026-02-01 17:30:00,9.85,9.85,9.85,9.85,0.0
2026-02-01 17:45:00,9.85,9.85,9.85,9.85,0.0
2026-02-01 18:00:00,9.92,10.05,9.92,10.05,926.16
2026-02-01 18:15:00,10.05,10.05,10.05,10.05,0.0
2026-02-01 18:30:00,10.05,10.05,10.05,10.05,0.0
2026-02-01 18:45:00,9.97,9.97,9.95,9.95,28.03
2026-02-01 19:00:00,9.95,9.95,9.95,9.95,0.0
2026-02-01 19:15:00,9.94,9.94,9.94,9.94,8.48
2026-02-01 19:30:00,9.95,9.95,9.95,9.95,25.07
2026-02-01 19:45:00,9.9,9.9,9.83,9.83,70.0
2026-02-01 20:00:00,9.88,9.92,9.88,9.92,6.24
2026-02-01 20:15:00,9.92,9.92,9.92,9.92,0.0
2026-02-01 20:30:00,9.92,9.92,9.92,9.92,0.0
2026-02-01 20:45:00,9.92,9.92,9.92,9.92,0.0
2026-02-01 21:00:00,9.94,9.94,9.94,9.94,4.01
2026-02-01 21:15:00,9.85,9.85,9.85,9.85,21.0
2026-02-01 21:30:00,9.85,9.85,9.85,9.85,0.0
2026-02-01 21:45:00,9.86,9.86,9.86,9.86,4.04
2026-02-01 22:00:00,9.93,9.94,9.91,9.91,142.36
2026-02-01 22:15:00,9.91,9.91,9.91,9.91,0.0
2026-02-01 22:30:00,9.99,10.01,9.99,9.99,30.7
2026-02-01 22:45:00,9.98,9.98,9.98,9.98,18.46
2026-02-01 23:00:00,9.98,9.98,9.71,9.82,483.99
2026-02-01 23:15:00,9.89,9.94,9.82,9.93,186.4
2026-02-01 23:30:00,9.92,10.05,9.91,10.05,46.44
2026-02-01 23:45:00,10.05,10.05,10.05,10.05,0.0
2026-02-02 00:00:00,9.86,9.86,9.86,9.86,101.41
2026-02-02 00:15:00,10.03,10.03,10.02,10.02,21.39
2026-02-02 00:30:00,10.05,10.05,10.05,10.05,20.05
2026-02-02 00:45:00,10.05,10.05,10.05,10.05,0.0
2026-02-02 01:00:00,10.07,10.1,10.07,10.1,199.81
2026-02-02 01:15:00,10.1,10.1,10.1,10.1,0.0
2026-02-02 01:30:00,10.04,10.08,10.04,10.08,16.0
2026-02-02 01:45:00,10.08,10.08,10.08,10.08,0.0
2026-02-02 02:00:00,10.06,10.06,10.06,10.06,25.0
2026-02-02 02:15:00,10.08,10.08,10.06,10.06,36.87
2026-02-02 02:30:00,10.0,10.0,10.0,10.0,2.0
2026-02-02 02:45:00,9.97,9.97,9.97,9.97,15.0
2026-02-02 03:00:00,9.81,9.81,9.81,9.81,1.33
2026-02-02 03:15:00,9.77,9.77,9.6,9.67,107.99
2026-02-02 03:30:00,9.63,9.63,9.56,9.57,82.0
2026-02-02 03:45:00,9.72,9.86,9.72,9.86,103.94
2026-02-02 04:00:00,9.86,9.86,9.86,9.86,0.0
2026-02-02 04:15:00,9.88,9.88,9.88,9.88,1.31
2026-02-02 04:30:00,9.88,9.88,9.88,9.88,0.0
2026-02-02 04:45:00,9.9,9.9,9.9,9.9,15.0
2026-02-02 05:00:00,9.82,9.82,9.82,9.82,2.54
2026-02-02 05:15:00,9.7,9.7,9.64,9.64,5.32
2026-02-02 05:30:00,9.62,9.62,9.61,9.61,20.78
2026-02-02 05:45:00,9.65,9.65,9.65,9.65,351.02
2026-02-02 06:00:00,9.65,9.65,9.65,9.65,0.0
2026-02-02 06:15:00,9.65,9.65,9.65,9.65,0.0
2026-02-02 06:30:00,9.57,9.88,9.57,9.86,399.89
2026-02-02 06:45:00,9.86,9.86,9.78,9.78,21.01
2026-02-02 07:00:00,9.78,9.78,9.78,9.78,0.0
2026-02-02 07:15:00,9.78,9.78,9.78,9.78,0.0
2026-02-02 07:30:00,9.78,9.78,9.78,9.78,0.0
2026-02-02 07:45:00,9.9,9.9,9.88,9.88,35.54
2026-02-02 08:00:00,9.88,9.88,9.88,9.88,0.0
2026-02-02 08:15:00,9.92,9.96,9.91,9.91,436.48
2026-02-02 08:30:00,9.91,9.91,9.91,9.91,0.0
2026-02-02 08:45:00,9.91,9.91,9.91,9.91,0.0
2026-02-02 09:00:00,9.91,9.91,9.91,9.91,0.0
2026-02-02 09:15:00,9.91,9.91,9.91,9.91,4.48
2026-02-02 09:30:00,10.03,10.03,9.98,9.98,2.71
2026-02-02 09:45:00,9.98,9.98,9.98,9.98,0.0
2026-02-02 10:00:00,9.98,9.98,9.98,9.98,0.0
2026-02-02 10:15:00,9.94,10.0,9.77,10.0,606.45
2026-02-02 10:30:00,10.0,10.0,10.0,10.0,0.0
2026-02-02 10:45:00,10.0,10.0,10.0,10.0,0.0
2026-02-02 11:00:00,10.0,10.0,10.0,10.0,0.0
2026-02-02 11:15:00,10.0,10.0,10.0,10.0,0.0
2026-02-02 11:30:00,10.03,10.03,10.03,10.03,1.31
2026-02-02 11:45:00,10.03,10.03,10.03,10.03,0.0
2026-02-02 12:00:00,10.03,10.03,10.03,10.03,0.0
2026-02-02 12:15:00,10.03,10.03,10.03,10.03,0.0
2026-02-02 12:30:00,10.03,10.03,10.03,10.03,0.0
2026-02-02 12:45:00,10.03,10.03,10.03,10.03,0.0
2026-02-02 13:00:00,10.03,10.03,10.03,10.03,0.0
2026-02-02 13:15:00,10.03,10.03,10.03,10.03,0.0
2026-02-02 13:30:00,10.03,10.03,10.03,10.03,0.0
2026-02-02 13:45:00,10.03,10.03,10.03,10.03,0.0
2026-02-02 14:00:00,10.09,10.09,10.05,10.05,41.4
2026-02-02 14:15:00,10.05,10.05,10.05,10.05,0.0
2026-02-02 14:30:00,10.12,10.22,10.12,10.22,78.85
2026-02-02 14:45:00,10.18,10.18,10.12,10.12,34.05
2026-02-02 15:00:00,10.16,10.16,10.16,10.16,0.29
2026-02-02 15:15:00,10.25,10.25,10.25,10.25,4.87
2026-02-02 15:30:00,10.28,10.31,10.28,10.3,420.71
2026-02-02 15:45:00,10.29,10.29,10.29,10.29,2.91
2026-02-02 16:00:00,10.23,10.24,10.23,10.24,57.96
2026-02-02 16:15:00,10.25,10.25,10.22,10.22,491.14
2026-02-02 16:30:00,10.22,10.22,10.22,10.22,0.0
2026-02-02 16:45:00,10.22,10.22,10.22,10.22,0.0
2026-02-02 17:00:00,10.22,10.22,10.22,10.22,0.0
2026-02-02 17:15:00,10.22,10.22,10.22,10.22,0.0
2026-02-02 17:30:00,10.2,10.2,10.19,10.19,27.8
2026-02-02 17:45:00,10.16,10.16,10.16,10.16,0.69
2026-02-02 18:00:00,10.16,10.16,10.16,10.16,0.0
2026-02-02 18:15:00,10.16,10.16,10.16,10.16,0.0
2026-02-02 18:30:00,10.16,10.16,10.16,10.16,0.0
2026-02-02 18:45:00,10.18,10.18,10.18,10.18,0.98
2026-02-02 19:00:00,10.18,10.18,10.18,10.18,2.94
2026-02-02 19:15:00,10.18,10.18,10.18,10.18,0.0
2026-02-02 19:30:00,10.18,10.18,10.18,10.18,0.0
2026-02-02 19:45:00,10.18,10.18,10.18,10.18,0.0
2026-02-02 20:00:00,10.18,10.18,10.18,10.18,0.0
2026-02-02 20:15:00,10.15,10.15,10.15,10.15,0.79
2026-02-02 20:30:00,10.15,10.15,10.15,10.15,0.0
2026-02-02 20:45:00,10.1,10.1,10.1,10.1,10.87
2026-02-02 21:00:00,10.13,10.15,10.13,10.15,70.97
2026-02-02 21:15:00,10.14,10.14,10.14,10.14,0.15
2026-02-02 21:30:00,10.14,10.14,10.14,10.14,0.0
2026-02-02 21:45:00,10.14,10.14,10.14,10.14,0.0
2026-02-02 22:00:00,10.15,10.15,10.15,10.15,0.1
2026-02-02 22:15:00,10.15,10.15,10.15,10.15,0.0
2026-02-02 22:30:00,10.15,10.15,10.15,10.15,0.0
2026-02-02 22:45:00,10.15,10.15,10.15,10.15,0.0
2026-02-02 23:00:00,10.15,10.15,10.15,10.15,3.33
2026-02-02 23:15:00,10.15,10.15,10.15,10.15,0.0
2026-02-02 23:30:00,10.15,10.15,10.15,10.15,0.0
2026-02-02 23:45:00,10.15,10.15,10.15,10.15,0.0
2026-02-03 00:00:00,10.15,10.15,10.15,10.15,0.0
2026-02-03 00:15:00,10.11,10.11,10.11,10.11,2.9
2026-02-03 00:30:00,10.11,10.11,10.11,10.11,0.0
2026-02-03 00:45:00,10.12,10.12,10.1,10.1,34.7
2026-02-03 01:00:00,10.1,10.1,10.1,10.1,0.0
2026-02-03 01:15:00,10.1,10.1,10.1,10.1,0.0
2026-02-03 01:30:00,10.11,10.11,10.11,10.11,10.37
2026-02-03 01:45:00,10.11,10.11,10.11,10.11,0.0
2026-02-03 02:00:00,10.11,10.11,10.11,10.11,0.0
2026-02-03 02:15:00,10.07,10.07,10.06,10.06,7.9
2026-02-03 02:30:00,10.06,10.06,10.06,10.06,0.0
2026-02-03 02:45:00,9.99,9.99,9.99,9.99,10.01
2026-02-03 03:00:00,9.96,10.0,9.95,9.99,19.2
2026-02-03 03:15:00,9.99,9.99,9.99,9.99,0.0
2026-02-03 03:30:00,9.99,9.99,9.99,9.99,0.0
2026-02-03 03:45:00,9.99,9.99,9.99,9.99,0.0
2026-02-03 04:00:00,9.99,9.99,9.99,9.99,0.0
2026-02-03 04:15:00,10.1,10.11,10.1,10.11,641.0
2026-02-03 04:30:00,10.18,10.18,10.18,10.18,1.27
2026-02-03 04:45:00,10.18,10.18,10.16,10.16,43.13
2026-02-03 05:00:00,10.16,10.16,10.11,10.11,4.45
2026-02-03 05:15:00,10.11,10.11,10.1,10.11,224.45
2026-02-03 05:30:00,10.12,10.12,10.12,10.12,2.96
2026-02-03 05:45:00,10.12,10.12,10.12,10.12,0.0
2026-02-03 06:00:00,10.08,10.11,9.85,10.04,702.53
2026-02-03 06:15:00,10.04,10.1,10.04,10.1,27.65
2026-02-03 06:30:00,10.11,10.11,10.1,10.1,21.58
2026-02-03 06:45:00,10.12,10.12,10.12,10.12,12.35
2026-02-03 07:00:00,10.12,10.12,10.12,10.12,0.0
2026-02-03 07:15:00,10.12,10.12,10.12,10.12,0.0
2026-02-03 07:30:00,10.15,10.15,10.15,10.15,43.34
2026-02-03 07:45:00,10.15,10.15,10.15,10.15,0.0
2026-02-03 08:00:00,10.15,10.15,10.15,10.15,0.0
2026-02-03 08:15:00,10.15,10.15,10.15,10.15,0.0
2026-02-03 08:30:00,10.15,10.15,10.15,10.15,0.0
2026-02-03 08:45:00,10.15,10.15,10.15,10.15,0.0
2026-02-03 09:00:00,10.15,10.15,10.15,10.15,0.0
2026-02-03 09:15:00,10.15,10.15,10.15,10.15,0.0
2026-02-03 09:30:00,10.15,10.15,10.15,10.15,0.0
2026-02-03 09:45:00,10.15,10.15,10.15,10.15,0.0
2026-02-03 10:00:00,10.15,10.15,10.15,10.15,0.0
2026-02-03 10:15:00,10.04,10.04,10.04,10.04,5.17
2026-02-03 10:30:00,10.04,10.04,10.04,10.04,0.0
2026-02-03 10:45:00,10.04,10.04,10.04,10.04,0.0
2026-02-03 11:00:00,10.04,10.04,10.04,10.04,0.0
2026-02-03 11:15:00,10.06,10.06,10.06,10.06,15.36
2026-02-03 11:30:00,10.06,10.06,10.06,10.06,0.0
2026-02-03 11:45:00,10.06,10.06,10.06,10.06,0.0
2026-02-03 12:00:00,10.06,10.06,10.06,10.06,0.0
2026-02-03 12:15:00,10.06,10.06,10.06,10.06,0.0
2026-02-03 12:30:00,10.06,10.06,10.06,10.06,0.0
2026-02-03 12:45:00,10.06,10.06,10.06,10.06,0.0
2026-02-03 13:00:00,10.06,10.06,10.06,10.06,0.0
2026-02-03 13:15:00,10.12,10.12,10.11,10.11,141.09
2026-02-03 13:30:00,10.11,10.11,10.11,10.11,0.0
2026-02-03 13:45:00,10.11,10.11,10.11,10.11,0.0
2026-02-03 14:00:00,10.11,10.11,10.11,10.11,0.0
2026-02-03 14:15:00,10.11,10.11,10.11,10.11,0.0
2026-02-03 14:30:00,10.06,10.06,10.06,10.06,17.64
2026-02-03 14:45:00,10.05,10.05,10.03,10.03,27.17
2026-02-03 15:00:00,10.03,10.03,10.03,10.03,0.0
2026-02-03 15:15:00,9.98,10.22,9.98,10.22,512.38
2026-02-03 15:30:00,10.12,10.12,10.09,10.09,27.0
2026-02-03 15:45:00,10.15,10.17,10.15,10.17,6.89
2026-02-03 16:00:00,10.1,10.1,10.07,10.07,279.63
2026-02-03 16:15:00,9.96,9.96,9.93,9.93,6.19
2026-02-03 16:30:00,9.95,9.95,9.95,9.95,8.15
2026-02-03 16:45:00,9.95,9.95,9.95,9.95,0.0
2026-02-03 17:00:00,9.9,9.9,9.9,9.9,10.0
2026-02-03 17:15:00,9.9,9.9,9.9,9.9,0.0
2026-02-03 17:30:00,9.81,9.81,9.77,9.79,5.11
2026-02-03 17:45:00,9.79,9.79,9.79,9.79,0.0
2026-02-03 18:00:00,9.79,9.79,9.79,9.79,0.0
2026-02-03 18:15:00,9.76,9.76,9.61,9.62,218.02
2026-02-03 18:30:00,9.6,9.6,9.6,9.6,0.23
2026-02-03 18:45:00,9.58,9.58,9.55,9.56,110.86
2026-02-03 19:00:00,9.65,9.86,9.65,9.86,84.14
2026-02-03 19:15:00,9.84,9.88,9.84,9.88,21.27
2026-02-03 19:30:00,9.88,9.88,9.88,9.88,0.0
2026-02-03 19:45:00,9.88,9.88,9.88,9.88,0.0
2026-02-03 20:00:00,9.88,9.88,9.88,9.88,0.0
2026-02-03 20:15:00,10.03,10.07,10.03,10.07,9.15
2026-02-03 20:30:00,10.1,10.25,10.1,10.23,82.84
2026-02-03 20:45:00,10.23,10.23,10.21,10.21,440.78
2026-02-03 21:00:00,10.21,10.21,10.21,10.21,0.0
2026-02-03 21:15:00,10.17,10.17,10.17,10.17,9.0
2026-02-03 21:30:00,10.17,10.17,10.17,10.17,0.0
2026-02-03 21:45:00,10.17,10.17,10.17,10.17,0.0
2026-02-03 22:00:00,10.1,10.1,10.1,10.1,0.49
2026-02-03 22:15:00,10.1,10.1,10.1,10.1,0.0
2026-02-03 22:30:00,10.07,10.07,10.07,10.07,9.91
2026-02-03 22:45:00,9.96,9.96,9.96,9.96,1.33
2026-02-03 23:00:00,9.96,9.96,9.96,9.96,0.0
2026-02-03 23:15:00,9.96,9.96,9.96,9.96,0.0
2026-02-03 23:30:00,9.94,9.94,9.94,9.94,19.04
2026-02-03 23:45:00,9.94,9.94,9.94,9.94,0.0
2026-02-04 00:00:00,9.93,9.93,9.92,9.92,56.64
2026-02-04 00:15:00,9.92,9.92,9.92,9.92,0.0
2026-02-04 00:30:00,9.94,9.94,9.94,9.94,11.92
2026-02-04 00:45:00,10.03,10.03,10.03,10.03,5.03
2026-02-04 01:00:00,10.03,10.03,10.03,10.03,0.0
2026-02-04 01:15:00,10.03,10.03,10.03,10.03,0.0
2026-02-04 01:30:00,10.03,10.03,10.03,10.03,0.0
2026-02-04 01:45:00,10.03,10.03,10.03,10.03,0.0
2026-02-04 02:00:00,10.03,10.03,10.03,10.03,0.0
2026-02-04 02:15:00,10.05,10.05,10.05,10.05,2.99
2026-02-04 02:30:00,10.03,10.03,9.99,9.99,62.02
2026-02-04 02:45:00,9.99,9.99,9.99,9.99,0.0
2026-02-04 03:00:00,10.02,10.02,10.02,10.02,2.98
2026-02-04 03:15:00,10.02,10.02,10.02,10.02,0.0
2026-02-04 03:30:00,10.02,10.02,10.02,10.02,0.0
2026-02-04 03:45:00,10.02,10.02,10.02,10.02,0.0
2026-02-04 04:00:00,10.12,10.12,10.12,10.12,15.59
2026-02-04 04:15:00,10.13,10.13,10.13,10.13,2.96
2026-02-04 04:30:00,10.13,10.13,10.13,10.13,0.0
2026-02-04 04:45:00,10.13,10.13,10.13,10.13,0.0
2026-02-04 05:00:00,10.12,10.12,10.12,10.12,2.47
2026-02-04 05:15:00,10.12,10.12,10.12,10.12,0.0
2026-02-04 05:30:00,10.12,10.12,10.12,10.12,0.0
2026-02-04 05:45:00,10.12,10.12,10.12,10.12,0.0
2026-02-04 06:00:00,10.12,10.12,10.12,10.12,0.0
2026-02-04 06:15:00,10.12,10.12,10.12,10.12,0.0
2026-02-04 06:30:00,10.12,10.12,10.12,10.12,0.0
2026-02-04 06:45:00,10.12,10.12,10.12,10.12,0.0
2026-02-04 07:00:00,10.12,10.12,10.12,10.12,0.0
2026-02-04 07:15:00,10.12,10.12,10.12,10.12,0.0
2026-02-04 07:30:00,10.12,10.12,10.12,10.12,0.0
2026-02-04 07:45:00,10.14,10.14,10.14,10.14,49.82
2026-02-04 08:00:00,10.15,10.15,10.15,10.15,9.83
2026-02-04 08:15:00,10.15,10.15,10.15,10.15,0.0
2026-02-04 08:30:00,10.12,10.12,10.12,10.12,10.86
2026-02-04 08:45:00,10.12,10.12,10.12,10.12,0.0
2026-02-04 09:00:00,10.12,10.12,10.12,10.12,0.0
2026-02-04 09:15:00,10.07,10.08,10.06,10.07,8.27
2026-02-04 09:30:00,10.07,10.07,10.07,10.07,0.3
2026-02-04 09:45:00,10.07,10.07,10.07,10.07,0.0
2026-02-04 10:00:00,10.07,10.07,10.07,10.07,0.0
2026-02-04 10:15:00,10.07,10.07,10.07,10.07,0.0
2026-02-04 10:30:00,10.07,10.07,10.07,10.07,0.0
2026-02-04 10:45:00,10.07,10.07,10.07,10.07,0.0
2026-02-04 11:00:00,9.95,9.95,9.92,9.92,44.41
2026-02-04 11:15:00,9.92,9.92,9.92,9.92,0.0
2026-02-04 11:30:00,10.04,10.04,10.04,10.04,16.8
2026-02-04 11:45:00,10.02,10.02,10.02,10.02,270.48
2026-02-04 12:00:00,10.02,10.02,10.02,10.02,0.0
2026-02-04 12:15:00,10.02,10.02,10.02,10.02,0.0
2026-02-04 12:30:00,10.02,10.02,10.02,10.02,0.0
2026-02-04 12:45:00,10.02,10.02,10.02,10.02,0.0
2026-02-04 13:00:00,10.02,10.02,10.02,10.02,0.0
2026-02-04 13:15:00,10.01,10.01,10.01,10.01,0.35
2026-02-04 13:30:00,9.96,9.96,9.96,9.96,13.66
2026-02-04 13:45:00,9.9,9.9,9.9,9.9,10.0
2026-02-04 14:00:00,9.9,9.9,9.9,9.9,0.0
2026-02-04 14:15:00,9.9,9.9,9.9,9.9,0.0
2026-02-04 14:30:00,9.81,9.9,9.79,9.87,166.69
2026-02-04 14:45:00,9.85,9.87,9.75,9.75,46.25
2026-02-04 15:00:00,9.7,9.82,9.7,9.82,171.34
2026-02-04 15:15:00,9.79,9.79,9.79,9.79,13.2
2026-02-04 15:30:00,9.78,9.78,9.65,9.74,531.93
2026-02-04 15:45:00,9.71,9.71,9.71,9.71,2.53
2026-02-04 16:00:00,9.73,9.74,9.71,9.73,40.15
2026-02-04 16:15:00,9.72,9.72,9.65,9.67,216.85
2026-02-04 16:30:00,9.62,9.62,9.62,9.62,0.4
2026-02-04 16:45:00,9.62,9.67,9.62,9.67,87.21
2026-02-04 17:00:00,9.67,9.67,9.67,9.67,19.44
2026-02-04 17:15:00,9.67,9.67,9.67,9.67,0.0
2026-02-04 17:30:00,9.67,9.67,9.6,9.6,53.24
2026-02-04 17:45:00,9.6,9.6,9.6,9.6,0.0
2026-02-04 18:00:00,9.61,9.65,9.61,9.65,21.82
2026-02-04 18:15:00,9.62,9.69,9.62,9.69,324.73
2026-02-04 18:30:00,9.72,9.88,9.71,9.88,77.46
2026-02-04 18:45:00,9.78,9.78,9.78,9.78,3.09
2026-02-04 19:00:00,9.79,9.79,9.79,9.79,491.36
2026-02-04 19:15:00,9.81,9.81,9.75,9.75,33.8
2026-02-04 19:30:00,9.74,9.74,9.74,9.74,17.91
2026-02-04 19:45:00,9.89,9.93,9.89,9.93,539.16
2026-02-04 20:00:00,9.92,9.92,9.92,9.92,3.02
2026-02-04 20:15:00,9.92,9.92,9.92,9.92,0.0
2026-02-04 20:30:00,9.86,9.86,9.86,9.86,10.14
2026-02-04 20:45:00,9.84,9.85,9.84,9.85,25.37
2026-02-04 21:00:00,9.81,9.81,9.81,9.81,21.37
2026-02-04 21:15:00,9.81,9.81,9.81,9.81,0.0
2026-02-04 21:30:00,9.81,9.81,9.81,9.81,0.0
2026-02-04 21:45:00,9.66,9.66,9.62,9.62,5.56
2026-02-04 22:00:00,9.61,9.61,9.61,9.61,264.73
2026-02-04 22:15:00,9.78,9.78,9.77,9.77,38.07
2026-02-04 22:30:00,9.76,9.76,9.67,9.67,37.08
2026-02-04 22:45:00,9.7,9.7,9.7,9.7,1.67
2026-02-04 23:00:00,9.66,9.66,9.66,9.66,21.44
2026-02-04 23:15:00,9.78,9.78,9.73,9.73,8.79
2026-02-04 23:30:00,9.76,9.76,9.76,9.76,32.74
2026-02-04 23:45:00,9.76,9.76,9.76,9.76,0.0
2026-02-05 00:00:00,9.76,9.76,9.76,9.76,0.0
2026-02-05 00:15:00,9.76,9.76,9.76,9.76,0.0
2026-02-05 00:30:00,9.7,9.7,9.7,9.7,6.89
2026-02-05 00:45:00,9.7,9.7,9.7,9.7,0.0
2026-02-05 01:00:00,9.7,9.7,9.7,9.7,0.0
2026-02-05 01:15:00,9.7,9.7,9.7,9.7,0.0
2026-02-05 01:30:00,9.78,9.78,9.73,9.73,13.81
2026-02-05 01:45:00,9.77,9.77,9.77,9.77,9.73
2026-02-05 02:00:00,9.73,9.73,9.72,9.72,20.85
2026-02-05 02:15:00,9.68,9.68,9.68,9.68,217.1
2026-02-05 02:30:00,9.79,9.79,9.78,9.78,74.43
2026-02-05 02:45:00,9.68,9.68,9.68,9.68,537.61
2026-02-05 03:00:00,9.68,9.68,9.68,9.68,16.59
2026-02-05 03:15:00,9.68,9.68,9.68,9.68,0.0
2026-02-05 03:30:00,9.68,9.68,9.68,9.68,0.0
2026-02-05 03:45:00,9.62,9.62,9.61,9.61,57.59
2026-02-05 04:00:00,9.61,9.61,9.61,9.61,0.0
2026-02-05 04:15:00,9.55,9.56,9.55,9.56,5.98
2026-02-05 04:30:00,9.56,9.56,9.56,9.56,0.0
2026-02-05 04:45:00,9.56,9.56,9.56,9.56,0.0
2026-02-05 05:00:00,9.6,9.6,9.6,9.6,2.6
2026-02-05 05:15:00,9.51,9.51,9.5,9.5,12.56
2026-02-05 05:30:00,9.57,9.57,9.57,9.57,0.85
2026-02-05 05:45:00,9.62,9.62,9.62,9.62,103.81
2026-02-05 06:00:00,9.49,9.49,9.49,9.49,18.36
2026-02-05 06:15:00,9.49,9.49,9.49,9.49,0.0
2026-02-05 06:30:00,9.49,9.49,9.49,9.49,0.0
2026-02-05 06:45:00,9.49,9.49,9.49,9.49,0.0
2026-02-05 07:00:00,9.49,9.49,9.49,9.49,0.0
2026-02-05 07:15:00,9.49,9.49,9.49,9.49,0.0
2026-02-05 07:30:00,9.49,9.49,9.49,9.49,0.0
2026-02-05 07:45:00,9.49,9.49,9.49,9.49,0.0
2026-02-05 08:00:00,9.49,9.49,9.49,9.49,0.0
2026-02-05 08:15:00,9.49,9.49,9.49,9.49,0.0
2026-02-05 08:30:00,9.49,9.49,9.49,9.49,0.0
2026-02-05 08:45:00,9.49,9.49,9.49,9.49,0.0
2026-02-05 09:00:00,9.49,9.49,9.49,9.49,0.0
2026-02-05 09:15:00,9.61,9.61,9.61,9.61,3.08
2026-02-05 09:30:00,9.61,9.61,9.61,9.61,0.0
2026-02-05 09:45:00,9.61,9.61,9.61,9.61,0.0
2026-02-05 10:00:00,9.61,9.61,9.61,9.61,0.0
2026-02-05 10:15:00,9.61,9.61,9.61,9.61,0.0
2026-02-05 10:30:00,9.61,9.61,9.61,9.61,0.0
2026-02-05 10:45:00,9.44,9.44,9.34,9.34,55.86
2026-02-05 11:00:00,9.38,9.38,9.38,9.38,2.13
2026-02-05 11:15:00,9.3,9.3,9.22,9.22,140.89
2026-02-05 11:30:00,9.28,9.28,9.28,9.28,1.31
2026-02-05 11:45:00,9.33,9.33,9.33,9.33,45.7
2026-02-05 12:00:00,9.29,9.29,9.29,9.29,6.43
2026-02-05 12:15:00,9.17,9.26,9.17,9.26,51.29
2026-02-05 12:30:00,9.25,9.27,9.22,9.22,45.81
2026-02-05 12:45:00,9.27,9.27,9.23,9.23,23.35
2026-02-05 13:00:00,9.23,9.23,9.23,9.23,0.0
2026-02-05 13:15:00,9.23,9.23,9.23,9.23,0.0
2026-02-05 13:30:00,9.3,9.3,9.24,9.24,111.36
2026-02-05 13:45:00,9.24,9.24,9.24,9.24,0.0
2026-02-05 14:00:00,9.24,9.24,9.24,9.24,0.0
2026-02-05 14:15:00,9.24,9.24,9.24,9.24,0.0
2026-02-05 14:30:00,9.31,9.43,9.31,9.37,107.52
2026-02-05 14:45:00,9.32,9.32,9.21,9.21,18.17
2026-02-05 15:00:00,9.17,9.17,8.88,8.91,192.81
2026-02-05 15:15:00,8.99,9.0,8.79,8.8,123.2
2026-02-05 15:30:00,8.85,8.95,8.79,8.95,106.28
2026-02-05 15:45:00,8.99,9.02,8.99,9.0,65.85
2026-02-05 16:00:00,8.86,8.86,8.83,8.83,9.84
2026-02-05 16:15:00,8.93,9.09,8.93,9.09,100.82
2026-02-05 16:30:00,8.99,9.0,8.92,8.95,66.75
2026-02-05 16:45:00,9.03,9.03,9.03,9.03,0.59
2026-02-05 17:00:00,9.03,9.03,9.03,9.03,0.0
2026-02-05 17:15:00,8.82,8.95,8.82,8.95,153.04
2026-02-05 17:30:00,8.93,8.93,8.83,8.83,20.18
2026-02-05 17:45:00,8.91,8.92,8.83,8.83,66.77
2026-02-05 18:00:00,8.88,8.88,8.84,8.84,107.35
2026-02-05 18:15:00,8.8,8.8,8.79,8.79,2.55
2026-02-05 18:30:00,8.75,8.75,8.75,8.75,52.81
2026-02-05 18:45:00,8.71,8.89,8.71,8.89,20.16
2026-02-05 19:00:00,8.88,8.88,8.77,8.77,101.22
2026-02-05 19:15:00,8.77,8.77,8.77,8.77,2.85
2026-02-05 19:30:00,8.77,8.77,8.77,8.77,0.0
2026-02-05 19:45:00,8.76,8.76,8.69,8.69,73.48
2026-02-05 20:00:00,8.71,8.76,8.65,8.73,1187.68
2026-02-05 20:15:00,8.64,8.64,8.38,8.43,469.09
2026-02-05 20:30:00,8.35,8.55,8.35,8.5,159.0
2026-02-05 20:45:00,8.47,8.47,8.37,8.37,8.51
2026-02-05 21:00:00,8.45,8.45,8.45,8.45,11.83
2026-02-05 21:15:00,8.37,8.49,8.27,8.49,329.05
2026-02-05 21:30:00,8.48,9.43,8.36,8.41,737.49
2026-02-05 21:45:00,8.36,8.38,8.36,8.38,3.07
2026-02-05 22:00:00,8.39,8.46,8.34,8.4,322.03
2026-02-05 22:15:00,8.28,8.42,8.28,8.42,54.94
2026-02-05 22:30:00,8.47,8.5,8.41,8.41,85.44
2026-02-05 22:45:00,8.44,8.51,8.44,8.51,121.41
2026-02-05 23:00:00,8.54,8.54,8.53,8.53,1.79
2026-02-05 23:15:00,8.53,8.53,8.53,8.53,0.0
2026-02-05 23:30:00,8.4,8.42,8.37,8.37,29.28
2026-02-05 23:45:00,8.32,8.32,8.28,8.3,6.18
2026-02-06 00:00:00,8.3,8.39,7.88,7.88,459.5
2026-02-06 00:15:00,7.97,7.97,7.79,7.84,136.5
2026-02-06 00:30:00,7.94,8.19,7.94,8.19,10.77
2026-02-06 00:45:00,8.28,8.32,8.23,8.23,15.54
2026-02-06 01:00:00,8.25,8.37,8.25,8.33,482.19
2026-02-06 01:15:00,8.33,8.33,8.33,8.33,0.0
2026-02-06 01:30:00,8.32,8.34,8.32,8.34,14.99
2026-02-06 01:45:00,8.38,8.46,8.38,8.46,206.03
2026-02-06 02:00:00,8.46,8.48,8.4,8.4,71.87
2026-02-06 02:15:00,8.29,8.31,8.27,8.29,352.66
2026-02-06 02:30:00,8.4,8.4,8.38,8.39,375.29
2026-02-06 02:45:00,8.39,8.39,8.39,8.39,0.0
2026-02-06 03:00:00,8.3,8.3,8.3,8.3,0.24
2026-02-06 03:15:00,8.3,8.3,8.3,8.3,0.0
2026-02-06 03:30:00,8.34,8.35,8.3,8.3,36.07
2026-02-06 03:45:00,8.3,8.3,8.3,8.3,2.4
2026-02-06 04:00:00,8.27,8.27,8.27,8.27,12.32
2026-02-06 04:15:00,8.43,8.46,8.43,8.46,11.81
2026-02-06 04:30:00,8.46,8.46,8.46,8.46,0.0
2026-02-06 04:45:00,8.41,8.41,8.41,8.41,1.11
2026-02-06 05:00:00,8.52,8.52,8.52,8.52,2.94
2026-02-06 05:15:00,8.53,8.53,8.53,8.53,1.18
2026-02-06 05:30:00,8.56,8.57,8.56,8.57,11.7
2026-02-06 05:45:00,8.52,8.63,8.51,8.63,90.43
2026-02-06 06:00:00,8.62,8.62,8.61,8.62,382.79
2026-02-06 06:15:00,8.57,8.57,8.53,8.55,292.09
2026-02-06 06:30:00,8.5,8.5,8.47,8.49,636.48
2026-02-06 06:45:00,8.46,8.46,8.46,8.46,11.77
2026-02-06 07:00:00,8.43,8.43,8.37,8.37,220.95
2026-02-06 07:15:00,8.4,8.4,8.39,8.39,169.03
2026-02-06 07:30:00,8.39,8.39,8.39,8.39,0.0
2026-02-06 07:45:00,8.43,8.43,8.43,8.43,17.5
2026-02-06 08:00:00,8.42,8.47,8.42,8.45,768.72
2026-02-06 08:15:00,8.45,8.45,8.45,8.45,0.0
2026-02-06 08:30:00,8.36,8.36,8.36,8.36,106.87
2026-02-06 08:45:00,8.4,8.4,8.4,8.4,15.63
2026-02-06 09:00:00,8.4,8.4,8.4,8.4,0.0
2026-02-06 09:15:00,8.41,8.41,8.37,8.37,59.52
2026-02-06 09:30:00,8.59,8.59,8.59,8.59,1.31
2026-02-06 09:45:00,8.59,8.59,8.59,8.59,0.0
2026-02-06 10:00:00,8.59,8.59,8.59,8.59,0.0
2026-02-06 10:15:00,8.66,8.66,8.66,8.66,36.4
2026-02-06 10:30:00,8.68,8.68,8.68,8.68,12.39
2026-02-06 10:45:00,8.68,8.68,8.68,8.68,0.0
2026-02-06 11:00:00,8.68,8.68,8.68,8.68,0.0
2026-02-06 11:15:00,8.7,8.7,8.7,8.7,12.39
2026-02-06 11:30:00,8.72,8.72,8.72,8.72,1.31
2026-02-06 11:45:00,8.73,8.8,8.73,8.73,848.7
2026-02-06 12:00:00,8.67,8.67,8.67,8.67,24.78
2026-02-06 12:15:00,8.67,8.72,8.67,8.7,166.35
2026-02-06 12:30:00,8.7,8.7,8.7,8.7,42.06
2026-02-06 12:45:00,8.7,8.7,8.7,8.7,0.0
2026-02-06 13:00:00,8.7,8.72,8.7,8.72,46.25
2026-02-06 13:15:00,8.78,8.78,8.77,8.77,22.02
2026-02-06 13:30:00,8.81,8.83,8.81,8.81,667.75
2026-02-06 13:45:00,8.85,8.85,8.83,8.83,5.35
2026-02-06 14:00:00,8.81,8.81,8.75,8.78,681.33
2026-02-06 14:15:00,8.78,8.78,8.78,8.78,0.0
2026-02-06 14:30:00,8.89,8.93,8.89,8.93,288.42
2026-02-06 14:45:00,8.94,9.0,8.94,8.96,263.17
2026-02-06 15:00:00,8.96,8.96,8.96,8.96,0.0
2026-02-06 15:15:00,8.97,8.97,8.96,8.96,35.67
2026-02-06 15:30:00,8.98,9.03,8.98,9.03,76.06
2026-02-06 15:45:00,9.07,9.07,9.07,9.07,0.55
2026-02-06 16:00:00,9.01,9.13,9.01,9.13,868.24
2026-02-06 16:15:00,9.14,9.19,9.14,9.19,876.91
2026-02-06 16:30:00,9.19,9.19,9.19,9.19,0.0
2026-02-06 16:45:00,9.27,9.29,9.27,9.29,56.5
2026-02-06 17:00:00,9.24,9.24,9.22,9.22,224.85
2026-02-06 17:15:00,9.22,9.22,9.22,9.22,0.0
2026-02-06 17:30:00,9.4,9.47,9.38,9.39,91.21
2026-02-06 17:45:00,9.37,9.37,9.36,9.36,126.65
2026-02-06 18:00:00,9.31,9.38,9.19,9.2,593.19
2026-02-06 18:15:00,9.2,9.2,9.2,9.2,0.0
2026-02-06 18:30:00,9.2,9.2,9.2,9.2,0.0
2026-02-06 18:45:00,9.26,9.26,9.26,9.26,0.75
2026-02-06 19:00:00,9.26,9.26,9.26,9.26,0.0
2026-02-06 19:15:00,9.22,9.22,9.22,9.22,589.77
2026-02-06 19:30:00,9.19,9.2,9.19,9.2,48.09
2026-02-06 19:45:00,9.2,9.2,9.2,9.2,0.0
2026-02-06 20:00:00,9.24,9.24,9.24,9.24,216.35
2026-02-06 20:15:00,9.24,9.24,9.24,9.24,0.0
2026-02-06 20:30:00,9.24,9.24,9.24,9.24,0.0
2026-02-06 20:45:00,9.24,9.24,9.24,9.24,0.0
2026-02-06 21:00:00,9.24,9.24,9.24,9.24,0.0
2026-02-06 21:15:00,9.24,9.24,9.24,9.24,0.0
2026-02-06 21:30:00,9.31,9.36,9.31,9.36,5.06
2026-02-06 21:45:00,9.36,9.36,9.36,9.36,0.0
2026-02-06 22:00:00,9.36,9.36,9.36,9.36,0.0
2026-02-06 22:15:00,9.28,9.29,9.23,9.23,21.72
2026-02-06 22:30:00,9.34,9.38,9.22,9.38,43.55
2026-02-06 22:45:00,9.38,9.38,9.38,9.38,0.0
2026-02-06 23:00:00,9.38,9.38,9.38,9.38,0.0
2026-02-06 23:15:00,9.31,9.31,9.31,9.31,5.37
2026-02-06 23:30:00,9.31,9.31,9.31,9.31,0.0
2026-02-06 23:45:00,9.31,9.31,9.31,9.31,0.0
2026-02-07 00:00:00,9.23,9.23,9.22,9.22,1.55
2026-02-07 00:15:00,9.21,9.21,9.21,9.21,18.65
2026-02-07 00:30:00,9.2,9.2,9.2,9.2,0.25
2026-02-07 00:45:00,9.2,9.2,9.2,9.2,0.0
2026-02-07 01:00:00,9.2,9.2,9.2,9.2,0.0
2026-02-07 01:15:00,9.2,9.2,9.2,9.2,0.0
2026-02-07 01:30:00,9.2,9.2,9.2,9.2,0.0
2026-02-07 01:45:00,9.27,9.27,9.27,9.27,2.69
2026-02-07 02:00:00,9.27,9.27,9.27,9.27,0.0
2026-02-07 02:15:00,9.27,9.27,9.27,9.27,0.0
2026-02-07 02:30:00,9.27,9.27,9.27,9.27,0.0
2026-02-07 02:45:00,9.27,9.27,9.27,9.27,0.0
2026-02-07 03:00:00,9.27,9.27,9.27,9.27,0.0
2026-02-07 03:15:00,9.27,9.27,9.27,9.27,0.0
2026-02-07 03:30:00,9.3,9.3,9.3,9.3,14.59
2026-02-07 03:45:00,9.3,9.3,9.3,9.3,0.0
2026-02-07 04:00:00,9.31,9.31,9.31,9.31,0.54
2026-02-07 04:15:00,9.35,9.35,9.32,9.32,38.85
2026-02-07 04:30:00,9.32,9.32,9.32,9.32,0.0
2026-02-07 04:45:00,9.25,9.25,9.25,9.25,16.86
2026-02-07 05:00:00,9.25,9.3,9.25,9.3,30.71
2026-02-07 05:15:00,9.3,9.3,9.3,9.3,0.0
2026-02-07 05:30:00,9.3,9.3,9.3,9.3,0.0
2026-02-07 05:45:00,9.25,9.25,9.25,9.25,91.09
2026-02-07 06:00:00,9.26,9.33,9.26,9.33,18.89
2026-02-07 06:15:00,9.33,9.33,9.33,9.33,0.0
2026-02-07 06:30:00,9.33,9.33,9.33,9.33,0.0
2026-02-07 06:45:00,9.23,9.23,9.2,9.2,33.49
2026-02-07 07:00:00,9.08,9.08,8.99,9.01,105.63
2026-02-07 07:15:00,8.96,9.02,8.93,9.02,151.44
2026-02-07 07:30:00,9.03,9.03,9.03,9.03,0.35
2026-02-07 07:45:00,9.03,9.03,9.03,9.03,0.0
2026-02-07 08:00:00,9.03,9.03,9.03,9.03,0.0
2026-02-07 08:15:00,9.03,9.03,9.03,9.03,0.0
2026-02-07 08:30:00,9.03,9.03,9.03,9.03,0.0
2026-02-07 08:45:00,9.03,9.03,9.03,9.03,0.0
2026-02-07 09:00:00,9.03,9.03,9.03,9.03,0.0
2026-02-07 09:15:00,9.06,9.06,9.05,9.05,33.82
2026-02-07 09:30:00,9.05,9.05,9.05,9.05,0.0
2026-02-07 09:45:00,9.05,9.05,9.05,9.05,0.0
2026-02-07 10:00:00,9.05,9.05,9.05,9.05,0.0
2026-02-07 10:15:00,9.05,9.05,9.05,9.05,0.0
2026-02-07 10:30:00,9.05,9.05,9.05,9.05,0.0
2026-02-07 10:45:00,9.05,9.05,9.05,9.05,0.0
2026-02-07 11:00:00,9.05,9.05,9.05,9.05,0.0
2026-02-07 11:15:00,9.05,9.05,9.05,9.05,0.0
2026-02-07 11:30:00,9.05,9.05,9.05,9.05,0.0
2026-02-07 11:45:00,9.05,9.05,9.05,9.05,0.0
2026-02-07 12:00:00,9.04,9.1,9.04,9.1,165.91
2026-02-07 12:15:00,9.13,9.22,9.13,9.18,30.33
2026-02-07 12:30:00,9.21,9.21,9.21,9.21,473.26
2026-02-07 12:45:00,9.17,9.17,9.17,9.17,2.72
2026-02-07 13:00:00,9.17,9.17,9.17,9.17,0.0
2026-02-07 13:15:00,9.17,9.17,9.17,9.17,0.0
2026-02-07 13:30:00,9.17,9.17,9.17,9.17,0.0
2026-02-07 13:45:00,9.17,9.17,9.17,9.17,0.0
2026-02-07 14:00:00,9.12,9.12,9.12,9.12,10.0
2026-02-07 14:15:00,9.14,9.14,9.14,9.14,20.39
2026-02-07 14:30:00,9.1,9.1,9.1,9.1,18.82
2026-02-07 14:45:00,9.1,9.1,9.1,9.1,0.0
2026-02-07 15:00:00,9.04,9.11,9.04,9.11,24.69
2026-02-07 15:15:00,9.14,9.14,9.14,9.14,4.22
2026-02-07 15:30:00,9.14,9.14,9.14,9.14,0.0
2026-02-07 15:45:00,9.18,9.18,9.16,9.16,147.41
2026-02-07 16:00:00,9.19,9.32,9.19,9.28,490.03
2026-02-07 16:15:00,9.3,9.35,9.21,9.21,156.36
2026-02-07 16:30:00,9.21,9.21,9.21,9.21,0.0
2026-02-07 16:45:00,9.21,9.21,9.21,9.21,0.0
2026-02-07 17:00:00,9.16,9.16,9.14,9.14,64.6
2026-02-07 17:15:00,9.2,9.2,9.2,9.2,18.28
2026-02-07 17:30:00,9.2,9.2,9.2,9.2,0.0
2026-02-07 17:45:00,9.2,9.2,9.2,9.2,0.0
2026-02-07 18:00:00,9.26,9.3,9.25,9.3,30.78
2026-02-07 18:15:00,9.3,9.3,9.3,9.3,0.0
2026-02-07 18:30:00,9.3,9.3,9.3,9.3,0.0
2026-02-07 18:45:00,9.35,9.37,9.35,9.37,19.82
2026-02-07 19:00:00,9.37,9.37,9.37,9.37,0.0
2026-02-07 19:15:00,9.37,9.37,9.37,9.37,0.0
2026-02-07 19:30:00,9.37,9.37,9.37,9.37,0.0
2026-02-07 19:45:00,9.37,9.37,9.37,9.37,0.0
2026-02-07 20:00:00,9.27,9.28,9.27,9.27,12.13
2026-02-07 20:15:00,9.27,9.27,9.27,9.27,0.0
2026-02-07 20:30:00,9.27,9.27,9.27,9.27,0.0
2026-02-07 20:45:00,9.27,9.27,9.27,9.27,0.0
2026-02-07 21:00:00,9.31,9.31,9.3,9.31,723.74
2026-02-07 21:15:00,9.28,9.28,9.28,9.28,36.91
2026-02-07 21:30:00,9.28,9.28,9.28,9.28,0.0
2026-02-07 21:45:00,9.26,9.26,9.26,9.26,37.29
2026-02-07 22:00:00,9.26,9.26,9.26,9.26,0.0
2026-02-07 22:15:00,9.26,9.26,9.26,9.26,0.0
2026-02-07 22:30:00,9.26,9.26,9.26,9.26,0.0
2026-02-07 22:45:00,9.26,9.26,9.26,9.26,0.0
2026-02-07 23:00:00,9.2,9.2,9.2,9.2,14.31
2026-02-07 23:15:00,9.2,9.2,9.2,9.2,0.0
2026-02-07 23:30:00,9.22,9.22,9.22,9.22,6.82
2026-02-07 23:45:00,9.22,9.22,9.22,9.22,0.0
2026-02-08 00:00:00,9.22,9.22,9.22,9.22,0.0
2026-02-08 00:15:00,9.22,9.22,9.22,9.22,0.0
2026-02-08 00:30:00,9.22,9.22,9.22,9.22,0.0
2026-02-08 00:45:00,9.22,9.22,9.22,9.22,0.0
2026-02-08 01:00:00,9.2,9.24,9.2,9.24,49.35
2026-02-08 01:15:00,9.24,9.24,9.24,9.24,0.0
2026-02-08 01:30:00,9.24,9.24,9.24,9.24,0.0
2026-02-08 01:45:00,9.24,9.24,9.24,9.24,0.0
2026-02-08 02:00:00,9.24,9.24,9.24,9.24,0.0
2026-02-08 02:15:00,9.24,9.24,9.24,9.24,0.0
2026-02-08 02:30:00,9.24,9.24,9.24,9.24,0.0
2026-02-08 02:45:00,9.24,9.24,9.24,9.24,0.0
2026-02-08 03:00:00,9.24,9.24,9.24,9.24,0.0
2026-02-08 03:15:00,9.24,9.24,9.24,9.24,0.0
2026-02-08 03:30:00,9.24,9.24,9.24,9.24,0.0
2026-02-08 03:45:00,9.14,9.14,9.14,9.14,438.16
2026-02-08 04:00:00,9.13,9.13,9.13,9.13,4.38
2026-02-08 04:15:00,9.13,9.13,9.13,9.13,0.0
2026-02-08 04:30:00,9.13,9.13,9.13,9.13,0.0
2026-02-08 04:45:00,9.13,9.13,9.13,9.13,0.0
2026-02-08 05:00:00,9.16,9.16,9.16,9.16,2.73
2026-02-08 05:15:00,9.16,9.16,9.16,9.16,0.0
2026-02-08 05:30:00,9.16,9.16,9.16,9.16,0.0
2026-02-08 05:45:00,9.16,9.16,9.16,9.16,0.0
2026-02-08 06:00:00,9.16,9.16,9.16,9.16,0.0
2026-02-08 06:15:00,9.16,9.16,9.16,9.16,0.0
2026-02-08 06:30:00,9.16,9.16,9.16,9.16,0.0
2026-02-08 06:45:00,9.16,9.16,9.16,9.16,0.0
2026-02-08 07:00:00,9.11,9.11,9.11,9.11,20.69
2026-02-08 07:15:00,9.11,9.11,9.11,9.11,0.0
2026-02-08 07:30:00,9.11,9.11,9.11,9.11,0.0
2026-02-08 07:45:00,9.11,9.11,9.11,9.11,0.0
2026-02-08 08:00:00,9.17,9.17,9.17,9.17,21.6
2026-02-08 08:15:00,9.17,9.17,9.17,9.17,0.0
2026-02-08 08:30:00,9.21,9.25,9.21,9.25,48.51
2026-02-08 08:45:00,9.25,9.25,9.25,9.25,0.0
2026-02-08 09:00:00,9.25,9.25,9.25,9.25,0.0
2026-02-08 09:15:00,9.21,9.21,9.21,9.21,16.38
2026-02-08 09:30:00,9.21,9.21,9.21,9.21,0.0
2026-02-08 09:45:00,9.21,9.21,9.21,9.21,0.0
2026-02-08 10:00:00,9.21,9.21,9.21,9.21,0.0
2026-02-08 10:15:00,9.21,9.21,9.21,9.21,0.0
2026-02-08 10:30:00,9.21,9.21,9.21,9.21,0.0
2026-02-08 10:45:00,9.21,9.21,9.21,9.21,0.0
2026-02-08 11:00:00,9.21,9.21,9.21,9.21,0.0
2026-02-08 11:15:00,9.21,9.22,9.21,9.22,20.34
2026-02-08 11:30:00,9.22,9.22,9.22,9.22,0.0
2026-02-08 11:45:00,9.25,9.25,9.25,9.25,19.27
2026-02-08 12:00:00,9.25,9.25,9.25,9.25,0.0
2026-02-08 12:15:00,9.25,9.25,9.25,9.25,0.0
2026-02-08 12:30:00,9.25,9.25,9.25,9.25,0.0
2026-02-08 12:45:00,9.25,9.25,9.25,9.25,0.0
2026-02-08 13:00:00,9.23,9.23,9.23,9.23,55.43
2026-02-08 13:15:00,9.23,9.23,9.23,9.23,0.0
2026-02-08 13:30:00,9.23,9.23,9.23,9.23,0.0
2026-02-08 13:45:00,9.25,9.25,9.25,9.25,10.8
2026-02-08 14:00:00,9.27,9.28,9.27,9.28,14.22
2026-02-08 14:15:00,9.28,9.28,9.28,9.28,0.0
2026-02-08 14:30:00,9.28,9.28,9.28,9.28,0.0
2026-02-08 14:45:00,9.28,9.28,9.28,9.28,0.0
2026-02-08 15:00:00,9.27,9.28,9.27,9.28,119.85
2026-02-08 15:15:00,9.28,9.28,9.28,9.28,0.0
2026-02-08 15:30:00,9.28,9.28,9.28,9.28,0.0
2026-02-08 15:45:00,9.16,9.16,9.16,9.16,21.34
2026-02-08 16:00:00,9.16,9.16,9.16,9.16,0.0
2026-02-08 16:15:00,9.16,9.16,9.16,9.16,0.0
2026-02-08 16:30:00,9.16,9.16,9.16,9.16,29.58
2026-02-08 16:45:00,9.08,9.08,9.07,9.07,2.56
2026-02-08 17:00:00,9.07,9.07,9.07,9.07,0.0
2026-02-08 17:15:00,9.07,9.07,9.07,9.07,0.0
2026-02-08 17:30:00,9.07,9.07,9.07,9.07,0.0
2026-02-08 17:45:00,9.07,9.07,9.07,9.07,0.0
2026-02-08 18:00:00,9.07,9.07,9.07,9.07,0.0
2026-02-08 18:15:00,9.12,9.12,9.12,9.12,45.44
2026-02-08 18:30:00,9.16,9.16,9.16,9.16,17.18
2026-02-08 18:45:00,9.16,9.16,9.16,9.16,0.0
2026-02-08 19:00:00,9.16,9.16,9.16,9.16,0.0
2026-02-08 19:15:00,9.19,9.19,9.19,9.19,0.52
2026-02-08 19:30:00,9.19,9.19,9.19,9.19,0.0
2026-02-08 19:45:00,9.19,9.19,9.19,9.19,0.0
2026-02-08 20:00:00,9.19,9.19,9.19,9.19,0.0
2026-02-08 20:15:00,9.19,9.19,9.19,9.19,0.0
2026-02-08 20:30:00,9.19,9.19,9.19,9.19,0.0
2026-02-08 20:45:00,9.13,9.13,9.13,9.13,34.54
2026-02-08 21:00:00,9.13,9.13,9.13,9.13,0.0
2026-02-08 21:15:00,9.13,9.13,9.13,9.13,0.0
2026-02-08 21:30:00,9.13,9.13,9.13,9.13,0.0
2026-02-08 21:45:00,9.13,9.13,9.13,9.13,0.0
2026-02-08 22:00:00,9.13,9.13,9.13,9.13,0.0
2026-02-08 22:15:00,9.13,9.13,9.13,9.13,0.0
2026-02-08 22:30:00,9.13,9.13,9.13,9.13,0.0
2026-02-08 22:45:00,9.13,9.13,9.13,9.13,0.0
2026-02-08 23:00:00,9.19,9.27,9.12,9.12,700.99
2026-02-08 23:15:00,9.12,9.12,9.12,9.12,0.0
2026-02-08 23:30:00,9.05,9.05,9.03,9.04,63.04
2026-02-08 23:45:00,9.08,9.11,9.08,9.11,231.85
2026-02-09 00:00:00,9.11,9.11,9.11,9.11,0.0
2026-02-09 00:15:00,9.11,9.11,9.11,9.11,0.0
2026-02-09 00:30:00,9.07,9.07,9.07,9.07,17.58
2026-02-09 00:45:00,9.07,9.07,9.07,9.07,0.0
2026-02-09 01:00:00,9.07,9.07,9.07,9.07,0.0
2026-02-09 01:15:00,9.07,9.07,9.07,9.07,0.0
2026-02-09 01:30:00,9.14,9.14,9.07,9.07,8.86
2026-02-09 01:45:00,9.07,9.07,9.07,9.07,0.0
2026-02-09 02:00:00,9.07,9.07,9.07,9.07,0.0
2026-02-09 02:15:00,9.07,9.07,9.07,9.07,0.0
2026-02-09 02:30:00,9.07,9.07,9.07,9.07,0.0
2026-02-09 02:45:00,9.13,9.13,9.13,9.13,6.49
2026-02-09 03:00:00,9.13,9.13,9.13,9.13,0.0
2026-02-09 03:15:00,9.13,9.13,9.13,9.13,0.0
2026-02-09 03:30:00,9.13,9.13,9.13,9.13,0.0
2026-02-09 03:45:00,9.13,9.13,9.13,9.13,0.0
2026-02-09 04:00:00,9.17,9.17,9.17,9.17,23.27
2026-02-09 04:15:00,9.17,9.17,9.17,9.17,0.0
2026-02-09 04:30:00,9.13,9.13,9.13,9.13,8.1
2026-02-09 04:45:00,9.13,9.13,9.13,9.13,0.0
2026-02-09 05:00:00,9.11,9.11,9.11,9.11,2.74
2026-02-09 05:15:00,9.1,9.1,9.1,9.1,99.66
2026-02-09 05:30:00,9.1,9.1,9.1,9.1,0.0
2026-02-09 05:45:00,9.1,9.1,9.1,9.1,0.0
2026-02-09 06:00:00,9.09,9.1,9.09,9.1,13.28
2026-02-09 06:15:00,9.1,9.1,9.1,9.1,0.0
2026-02-09 06:30:00,9.1,9.1,9.1,9.1,0.0
2026-02-09 06:45:00,9.1,9.1,9.1,9.1,0.0
2026-02-09 07:00:00,9.09,9.09,9.09,9.09,29.79
2026-02-09 07:15:00,9.08,9.08,9.08,9.08,1.1
2026-02-09 07:30:00,9.04,9.04,9.04,9.04,18.56
2026-02-09 07:45:00,9.04,9.04,9.04,9.04,0.0
2026-02-09 08:00:00,9.04,9.04,9.04,9.04,0.0
2026-02-09 08:15:00,9.0,9.0,9.0,9.0,1.11
2026-02-09 08:30:00,8.94,8.94,8.89,8.89,1973.83
2026-02-09 08:45:00,8.89,8.89,8.89,8.89,0.0
2026-02-09 09:00:00,8.91,8.91,8.91,8.91,9.2
2026-02-09 09:15:00,8.88,8.88,8.88,8.88,3.21
2026-02-09 09:30:00,8.88,8.88,8.88,8.88,0.33
2026-02-09 09:45:00,8.88,8.88,8.88,8.88,0.0
2026-02-09 10:00:00,8.88,8.88,8.88,8.88,0.0
2026-02-09 10:15:00,8.85,8.85,8.79,8.79,7.97
2026-02-09 10:30:00,8.79,8.79,8.79,8.79,0.0
2026-02-09 10:45:00,8.79,8.79,8.79,8.79,0.0
2026-02-09 11:00:00,8.79,8.79,8.79,8.79,0.0
2026-02-09 11:15:00,8.79,8.79,8.79,8.79,0.0
2026-02-09 11:30:00,8.79,8.79,8.79,8.79,0.0
2026-02-09 11:45:00,8.79,8.79,8.79,8.79,0.0
2026-02-09 12:00:00,8.79,8.79,8.79,8.79,0.0
2026-02-09 12:15:00,8.79,8.79,8.79,8.79,0.0
2026-02-09 12:30:00,8.79,8.79,8.79,8.79,0.0
2026-02-09 12:45:00,8.79,8.79,8.79,8.79,0.0
2026-02-09 13:00:00,8.79,8.79,8.79,8.79,0.0
2026-02-09 13:15:00,8.79,8.79,8.79,8.79,0.0
2026-02-09 13:30:00,8.79,8.79,8.79,8.79,0.0
2026-02-09 13:45:00,8.79,8.79,8.79,8.79,0.0
2026-02-09 14:00:00,8.79,8.79,8.79,8.79,0.0
2026-02-09 14:15:00,8.79,8.79,8.79,8.79,0.0
2026-02-09 14:30:00,8.86,8.91,8.86,8.91,31.02
2026-02-09 14:45:00,8.89,8.93,8.89,8.92,327.98
2026-02-09 15:00:00,8.95,8.99,8.95,8.97,21.85
2026-02-09 15:15:00,8.93,8.93,8.93,8.93,11.0
2026-02-09 15:30:00,8.98,8.99,8.98,8.99,6.43
2026-02-09 15:45:00,8.99,8.99,8.99,8.99,0.0
2026-02-09 16:00:00,8.95,8.95,8.95,8.95,7.76
2026-02-09 16:15:00,8.95,8.95,8.95,8.95,0.0
2026-02-09 16:30:00,9.0,9.05,9.0,9.05,12.93
2026-02-09 16:45:00,9.08,9.15,9.08,9.15,79.45
2026-02-09 17:00:00,9.08,9.11,9.01,9.01,64.47
2026-02-09 17:15:00,9.01,9.01,9.01,9.01,0.0
2026-02-09 17:30:00,9.1,9.15,9.07,9.15,250.53
2026-02-09 17:45:00,9.14,9.14,9.14,9.14,17.14
2026-02-09 18:00:00,9.15,9.15,9.15,9.15,16.13
2026-02-09 18:15:00,9.15,9.15,9.15,9.15,0.0
2026-02-09 18:30:00,9.15,9.15,9.15,9.15,0.0
2026-02-09 18:45:00,9.11,9.11,9.1,9.1,40.77
2026-02-09 19:00:00,9.1,9.1,9.1,9.1,0.0
2026-02-09 19:15:00,9.1,9.1,9.1,9.1,0.0
2026-02-09 19:30:00,9.1,9.1,9.1,9.1,13.17
2026-02-09 19:45:00,9.1,9.1,9.1,9.1,0.0
2026-02-09 20:00:00,9.13,9.13,9.13,9.13,7.58
2026-02-09 20:15:00,9.09,9.09,9.09,9.09,3.85
2026-02-09 20:30:00,9.09,9.09,9.09,9.09,0.0
2026-02-09 20:45:00,9.09,9.09,9.09,9.09,0.0
2026-02-09 21:00:00,9.09,9.09,9.09,9.09,0.0
2026-02-09 21:15:00,9.09,9.09,9.09,9.09,0.0
2026-02-09 21:30:00,9.02,9.03,9.02,9.02,121.69
2026-02-09 21:45:00,9.02,9.02,9.02,9.02,0.0
2026-02-09 22:00:00,9.02,9.02,9.02,9.02,0.0
2026-02-09 22:15:00,9.09,9.09,9.09,9.09,19.55
2026-02-09 22:30:00,9.08,9.08,9.08,9.08,17.96
2026-02-09 22:45:00,9.09,9.09,9.09,9.09,1.37
2026-02-09 23:00:00,9.09,9.09,9.09,9.09,52.75
2026-02-09 23:15:00,9.09,9.09,9.09,9.09,0.0
2026-02-09 23:30:00,9.09,9.09,9.09,9.09,0.0
2026-02-09 23:45:00,9.05,9.05,9.05,9.05,40.27
2026-02-10 00:00:00,9.05,9.05,9.05,9.05,70.31
2026-02-10 00:15:00,9.05,9.05,9.05,9.05,0.0
2026-02-10 00:30:00,9.02,9.02,9.02,9.02,5.5
2026-02-10 00:45:00,9.01,9.01,9.01,9.01,4.87
2026-02-10 01:00:00,9.01,9.01,9.01,9.01,0.0
2026-02-10 01:15:00,9.01,9.01,9.01,9.01,0.0
2026-02-10 01:30:00,9.01,9.01,9.01,9.01,0.0
2026-02-10 01:45:00,9.01,9.01,9.01,9.01,0.0
2026-02-10 02:00:00,9.01,9.01,9.01,9.01,0.0
2026-02-10 02:15:00,9.01,9.01,9.01,9.01,0.0
2026-02-10 02:30:00,9.01,9.01,9.01,9.01,0.0
2026-02-10 02:45:00,9.01,9.01,9.01,9.01,0.0
2026-02-10 03:00:00,9.0,9.0,9.0,9.0,0.25
2026-02-10 03:15:00,8.94,8.94,8.94,8.94,1.34
2026-02-10 03:30:00,8.93,8.93,8.88,8.88,2.44
2026-02-10 03:45:00,8.88,8.88,8.88,8.88,0.0
2026-02-10 04:00:00,8.88,8.88,8.88,8.88,0.0
2026-02-10 04:15:00,8.88,8.88,8.88,8.88,0.0
2026-02-10 04:30:00,8.88,8.88,8.88,8.88,0.0
2026-02-10 04:45:00,8.88,8.88,8.88,8.88,0.0
2026-02-10 05:00:00,8.98,8.98,8.98,8.98,2.78
2026-02-10 05:15:00,8.98,8.98,8.98,8.98,0.0
2026-02-10 05:30:00,8.98,8.98,8.98,8.98,0.0
2026-02-10 05:45:00,8.98,8.98,8.98,8.98,0.0
2026-02-10 06:00:00,8.91,8.91,8.91,8.91,0.74
2026-02-10 06:15:00,8.85,8.85,8.85,8.85,0.45
2026-02-10 06:30:00,8.85,8.85,8.85,8.85,0.0
2026-02-10 06:45:00,8.83,8.83,8.77,8.77,118.62
2026-02-10 07:00:00,8.77,8.77,8.77,8.77,0.0
2026-02-10 07:15:00,8.77,8.77,8.77,8.77,0.0
2026-02-10 07:30:00,8.77,8.77,8.77,8.77,0.0
2026-02-10 07:45:00,8.77,8.77,8.77,8.77,0.0
2026-02-10 08:00:00,8.77,8.77,8.77,8.77,0.0
2026-02-10 08:15:00,8.83,8.85,8.83,8.85,56.59
2026-02-10 08:30:00,8.85,8.85,8.85,8.85,0.0
2026-02-10 08:45:00,8.85,8.85,8.85,8.85,0.0
2026-02-10 09:00:00,8.85,8.85,8.85,8.85,0.0
2026-02-10 09:15:00,8.87,8.87,8.87,8.87,2.72
2026-02-10 09:30:00,8.87,8.87,8.87,8.87,0.0
2026-02-10 09:45:00,8.87,8.87,8.87,8.87,0.0
2026-02-10 10:00:00,8.87,8.87,8.87,8.87,0.0
2026-02-10 10:15:00,8.87,8.87,8.87,8.87,0.0
2026-02-10 10:30:00,8.87,8.87,8.87,8.87,0.0
2026-02-10 10:45:00,8.85,8.85,8.85,8.85,2.6
2026-02-10 11:00:00,8.85,8.85,8.85,8.85,0.0
2026-02-10 11:15:00,8.85,8.85,8.85,8.85,0.0
2026-02-10 11:30:00,8.85,8.85,8.85,8.85,0.0
2026-02-10 11:45:00,8.85,8.85,8.85,8.85,0.0
2026-02-10 12:00:00,8.83,8.83,8.83,8.83,2.26
2026-02-10 12:15:00,8.83,8.83,8.83,8.83,0.0
2026-02-10 12:30:00,8.83,8.83,8.83,8.83,0.0
2026-02-10 12:45:00,8.83,8.83,8.83,8.83,0.0
2026-02-10 13:00:00,8.77,8.77,8.77,8.77,16.53
2026-02-10 13:15:00,8.77,8.77,8.77,8.77,0.0
2026-02-10 13:30:00,8.78,8.82,8.78,8.81,351.56
2026-02-10 13:45:00,8.81,8.81,8.81,8.81,21.56
2026-02-10 14:00:00,8.8,8.8,8.8,8.8,17.8
2026-02-10 14:15:00,8.86,8.88,8.86,8.88,246.03
2026-02-10 14:30:00,8.75,8.75,8.75,8.75,100.39
2026-02-10 14:45:00,8.78,8.78,8.78,8.78,148.5
2026-02-10 15:00:00,8.82,8.83,8.8,8.8,249.65
2026-02-10 15:15:00,8.84,8.84,8.83,8.83,18.81
2026-02-10 15:30:00,8.82,8.82,8.82,8.82,268.36
2026-02-10 15:45:00,8.8,8.82,8.8,8.81,747.95
2026-02-10 16:00:00,8.8,8.85,8.8,8.85,707.35
2026-02-10 16:15:00,8.83,8.83,8.81,8.81,65.44
2026-02-10 16:30:00,8.79,8.83,8.79,8.83,557.48
2026-02-10 16:45:00,8.82,8.82,8.82,8.82,317.35
2026-02-10 17:00:00,8.78,8.78,8.78,8.78,343.0
2026-02-10 17:15:00,8.78,8.78,8.78,8.78,180.39
2026-02-10 17:30:00,8.78,8.78,8.78,8.78,0.0
2026-02-10 17:45:00,8.82,8.82,8.82,8.82,15.24
2026-02-10 18:00:00,8.82,8.82,8.82,8.82,0.0
2026-02-10 18:15:00,8.74,8.74,8.74,8.74,57.5
2026-02-10 18:30:00,8.74,8.74,8.74,8.74,0.0
2026-02-10 18:45:00,8.7,8.7,8.66,8.66,2.38
2026-02-10 19:00:00,8.66,8.66,8.66,8.66,0.0
2026-02-10 19:15:00,8.66,8.66,8.66,8.66,0.0
2026-02-10 19:30:00,8.7,8.7,8.7,8.7,0.24
2026-02-10 19:45:00,8.7,8.7,8.7,8.7,0.0
2026-02-10 20:00:00,8.7,8.7,8.7,8.7,0.0
2026-02-10 20:15:00,8.7,8.7,8.7,8.7,0.0
2026-02-10 20:30:00,8.72,8.72,8.72,8.72,18.4
2026-02-10 20:45:00,8.72,8.72,8.72,8.72,0.0
2026-02-10 21:00:00,8.72,8.72,8.72,8.72,0.0
2026-02-10 21:15:00,8.72,8.72,8.72,8.72,0.0
2026-02-10 21:30:00,8.66,8.66,8.66,8.66,2.12
2026-02-10 21:45:00,8.66,8.66,8.66,8.66,0.0
2026-02-10 22:00:00,8.7,8.7,8.7,8.7,0.57
2026-02-10 22:15:00,8.7,8.7,8.7,8.7,0.0
2026-02-10 22:30:00,8.74,8.74,8.74,8.74,0.12
2026-02-10 22:45:00,8.74,8.74,8.74,8.74,0.0
2026-02-10 23:00:00,8.74,8.74,8.74,8.74,0.0
2026-02-10 23:15:00,8.74,8.74,8.74,8.74,0.0
2026-02-10 23:30:00,8.74,8.74,8.74,8.74,0.0
2026-02-10 23:45:00,8.74,8.74,8.74,8.74,0.0
2026-02-11 00:00:00,8.74,8.74,8.74,8.74,0.0
2026-02-11 00:15:00,8.74,8.74,8.74,8.74,0.0
2026-02-11 00:30:00,8.74,8.74,8.74,8.74,0.0
2026-02-11 00:45:00,8.74,8.74,8.74,8.74,0.0
2026-02-11 01:00:00,8.74,8.74,8.74,8.74,0.0
2026-02-11 01:15:00,8.74,8.74,8.74,8.74,0.0
2026-02-11 01:30:00,8.74,8.74,8.74,8.74,0.0
2026-02-11 01:45:00,8.74,8.74,8.74,8.74,0.0
2026-02-11 02:00:00,8.74,8.74,8.74,8.74,0.0
2026-02-11 02:15:00,8.81,8.85,8.81,8.85,6.16
2026-02-11 02:30:00,8.87,8.87,8.87,8.87,6.2
2026-02-11 02:45:00,8.87,8.87,8.87,8.87,0.0
2026-02-11 03:00:00,8.87,8.87,8.87,8.87,0.0
2026-02-11 03:15:00,8.85,8.85,8.85,8.85,1.13
2026-02-11 03:30:00,8.85,8.94,8.85,8.94,22.15
2026-02-11 03:45:00,8.94,8.94,8.94,8.94,0.0
2026-02-11 04:00:00,8.94,8.94,8.94,8.94,0.0
2026-02-11 04:15:00,8.79,8.79,8.79,8.79,1.11
2026-02-11 04:30:00,8.76,8.76,8.76,8.76,879.69
2026-02-11 04:45:00,8.72,8.72,8.72,8.72,1.03
2026-02-11 05:00:00,8.76,8.76,8.76,8.76,2.85
2026-02-11 05:15:00,8.76,8.76,8.76,8.76,0.0
2026-02-11 05:30:00,8.76,8.76,8.76,8.76,0.0
2026-02-11 05:45:00,8.76,8.76,8.76,8.76,0.0
2026-02-11 06:00:00,8.66,8.66,8.6,8.61,123.46
2026-02-11 06:15:00,8.6,8.6,8.6,8.6,32.92
2026-02-11 06:30:00,8.63,8.63,8.63,8.63,5.25
2026-02-11 06:45:00,8.56,8.56,8.54,8.54,94.0
2026-02-11 07:00:00,8.56,8.56,8.56,8.56,82.6
2026-02-11 07:15:00,8.56,8.56,8.56,8.56,19.99
2026-02-11 07:30:00,8.56,8.56,8.56,8.56,0.0
2026-02-11 07:45:00,8.56,8.56,8.56,8.56,0.0
2026-02-11 08:00:00,8.56,8.56,8.56,8.56,0.0
2026-02-11 08:15:00,8.56,8.56,8.56,8.56,0.0
2026-02-11 08:30:00,8.56,8.56,8.56,8.56,0.0
2026-02-11 08:45:00,8.56,8.56,8.56,8.56,0.0
2026-02-11 09:00:00,8.56,8.56,8.56,8.56,0.0
2026-02-11 09:15:00,8.53,8.53,8.52,8.52,10.19
2026-02-11 09:30:00,8.55,8.58,8.52,8.55,1226.22
2026-02-11 09:45:00,8.55,8.55,8.55,8.55,0.0
2026-02-11 10:00:00,8.51,8.53,8.51,8.53,31.57
2026-02-11 10:15:00,8.53,8.53,8.53,8.53,0.0
2026-02-11 10:30:00,8.5,8.5,8.49,8.49,142.69
2026-02-11 10:45:00,8.51,8.51,8.5,8.5,48.89
2026-02-11 11:00:00,8.5,8.5,8.5,8.5,0.0
2026-02-11 11:15:00,8.55,8.56,8.55,8.56,33.29
2026-02-11 11:30:00,8.57,8.57,8.57,8.57,16.75
2026-02-11 11:45:00,8.6,8.6,8.6,8.6,0.23
2026-02-11 12:00:00,8.58,8.6,8.58,8.6,39.05
2026-02-11 12:15:00,8.6,8.6,8.6,8.6,19.77
2026-02-11 12:30:00,8.6,8.6,8.6,8.6,0.0
2026-02-11 12:45:00,8.58,8.58,8.58,8.58,193.05
2026-02-11 13:00:00,8.58,8.58,8.58,8.58,0.0
2026-02-11 13:15:00,8.57,8.57,8.57,8.57,18.29
2026-02-11 13:30:00,8.58,8.65,8.58,8.65,115.88
2026-02-11 13:45:00,8.62,8.64,8.62,8.64,56.59
2026-02-11 14:00:00,8.68,8.87,8.68,8.83,90.15
2026-02-11 14:15:00,8.82,8.84,8.75,8.75,101.51
2026-02-11 14:30:00,8.77,8.77,8.65,8.65,83.54
2026-02-11 14:45:00,8.64,8.64,8.6,8.6,57.42
2026-02-11 15:00:00,8.53,8.57,8.47,8.48,49.61
2026-02-11 15:15:00,8.49,8.53,8.48,8.48,113.45
2026-02-11 15:30:00,8.48,8.51,8.48,8.51,41.14
2026-02-11 15:45:00,8.47,8.52,8.47,8.52,80.93
2026-02-11 16:00:00,8.55,8.6,8.55,8.6,61.37
2026-02-11 16:15:00,8.62,8.62,8.62,8.62,19.01
2026-02-11 16:30:00,8.56,8.56,8.56,8.56,6.42
2026-02-11 16:45:00,8.52,8.52,8.49,8.51,107.14
2026-02-11 17:00:00,8.56,8.56,8.56,8.56,16.41
2026-02-11 17:15:00,8.62,8.64,8.62,8.64,32.45
2026-02-11 17:30:00,8.64,8.64,8.64,8.64,19.54
2026-02-11 17:45:00,8.63,8.63,8.63,8.63,17.14
2026-02-11 18:00:00,8.63,8.63,8.63,8.63,0.0
2026-02-11 18:15:00,8.72,8.72,8.72,8.72,1.26
2026-02-11 18:30:00,8.72,8.72,8.72,8.72,0.0
2026-02-11 18:45:00,8.72,8.72,8.71,8.71,1169.81
2026-02-11 19:00:00,8.73,8.73,8.73,8.73,19.24
2026-02-11 19:15:00,8.73,8.73,8.73,8.73,0.0
2026-02-11 19:30:00,8.73,8.73,8.73,8.73,0.0
2026-02-11 19:45:00,8.73,8.73,8.73,8.73,0.0
2026-02-11 20:00:00,8.73,8.73,8.73,8.73,0.0
2026-02-11 20:15:00,8.72,8.72,8.72,8.72,1.15
2026-02-11 20:30:00,8.72,8.72,8.72,8.72,0.0
2026-02-11 20:45:00,8.71,8.71,8.7,8.7,56.16
2026-02-11 21:00:00,8.69,8.69,8.69,8.69,18.95
2026-02-11 21:15:00,8.72,8.72,8.72,8.72,35.74
2026-02-11 21:30:00,8.72,8.72,8.72,8.72,0.0
2026-02-11 21:45:00,8.75,8.75,8.75,8.75,16.24
2026-02-11 22:00:00,8.75,8.75,8.75,8.75,0.0
2026-02-11 22:15:00,8.75,8.75,8.75,8.75,0.0
2026-02-11 22:30:00,8.75,8.75,8.75,8.75,0.0
2026-02-11 22:45:00,8.66,8.67,8.66,8.67,32.09
2026-02-11 23:00:00,8.67,8.67,8.67,8.67,0.0
2026-02-11 23:15:00,8.66,8.66,8.66,8.66,34.79
2026-02-11 23:30:00,8.66,8.66,8.66,8.66,0.0
2026-02-11 23:45:00,8.66,8.66,8.66,8.66,0.0
2026-02-12 00:00:00,8.66,8.66,8.66,8.66,0.0
2026-02-12 00:15:00,8.66,8.66,8.66,8.66,0.0
2026-02-12 00:30:00,8.73,8.73,8.73,8.73,41.0
2026-02-12 00:45:00,8.73,8.73,8.73,8.73,0.0
2026-02-12 01:00:00,8.73,8.73,8.73,8.73,0.0
2026-02-12 01:15:00,8.73,8.73,8.73,8.73,0.0
2026-02-12 01:30:00,8.73,8.73,8.73,8.73,0.0
2026-02-12 01:45:00,8.73,8.73,8.73,8.73,0.0
2026-02-12 02:00:00,8.73,8.73,8.73,8.73,0.0
2026-02-12 02:15:00,8.73,8.73,8.73,8.73,0.0
2026-02-12 02:30:00,8.73,8.73,8.73,8.73,0.0
2026-02-12 02:45:00,8.73,8.73,8.73,8.73,0.0
2026-02-12 03:00:00,8.73,8.73,8.73,8.73,0.0
2026-02-12 03:15:00,8.73,8.73,8.73,8.73,0.0
2026-02-12 03:30:00,8.73,8.73,8.73,8.73,0.0
2026-02-12 03:45:00,8.76,8.76,8.76,8.76,31.34
2026-02-12 04:00:00,8.76,8.76,8.76,8.76,0.0
2026-02-12 04:15:00,8.73,8.73,8.73,8.73,31.21
2026-02-12 04:30:00,8.73,8.73,8.73,8.73,0.0
2026-02-12 04:45:00,8.73,8.73,8.73,8.73,0.0
2026-02-12 05:00:00,8.75,8.75,8.75,8.75,2.85
2026-02-12 05:15:00,8.75,8.75,8.75,8.75,0.0
2026-02-12 05:30:00,8.75,8.75,8.75,8.75,838.63
2026-02-12 05:45:00,8.75,8.75,8.75,8.75,0.0
2026-02-12 06:00:00,8.77,8.8,8.77,8.8,7.06
2026-02-12 06:15:00,8.8,8.8,8.8,8.8,0.0
2026-02-12 06:30:00,8.8,8.8,8.8,8.8,0.0
2026-02-12 06:45:00,8.8,8.8,8.8,8.8,0.0
2026-02-12 07:00:00,8.8,8.8,8.8,8.8,0.0
2026-02-12 07:15:00,8.8,8.8,8.8,8.8,31.06
2026-02-12 07:30:00,8.8,8.8,8.8,8.8,0.0
2026-02-12 07:45:00,8.8,8.8,8.8,8.8,0.0
2026-02-12 08:00:00,8.8,8.8,8.8,8.8,0.0
2026-02-12 08:15:00,8.8,8.8,8.8,8.8,0.0
2026-02-12 08:30:00,8.8,8.8,8.8,8.8,0.0
2026-02-12 08:45:00,8.8,8.8,8.8,8.8,0.0
2026-02-12 09:00:00,8.81,8.81,8.81,8.81,20.73
2026-02-12 09:15:00,8.82,8.82,8.82,8.82,4.47
2026-02-12 09:30:00,8.85,8.85,8.85,8.85,1.31
2026-02-12 09:45:00,8.85,8.85,8.85,8.85,0.0
2026-02-12 10:00:00,8.85,8.85,8.85,8.85,0.0
2026-02-12 10:15:00,8.85,8.85,8.85,8.85,0.0
2026-02-12 10:30:00,8.85,8.85,8.85,8.85,0.0
2026-02-12 10:45:00,8.85,8.85,8.85,8.85,0.0
2026-02-12 11:00:00,8.85,8.85,8.85,8.85,0.0
2026-02-12 11:15:00,8.85,8.85,8.85,8.85,0.0
2026-02-12 11:30:00,8.85,8.85,8.85,8.85,0.0
2026-02-12 11:45:00,8.85,8.85,8.85,8.85,0.0
2026-02-12 12:00:00,8.85,8.85,8.85,8.85,0.0
2026-02-12 12:15:00,8.89,8.89,8.87,8.87,3.93
2026-02-12 12:30:00,8.87,8.87,8.87,8.87,0.0
2026-02-12 12:45:00,8.87,8.87,8.87,8.87,0.0
2026-02-12 13:00:00,8.87,8.87,8.87,8.87,0.0
2026-02-12 13:15:00,8.84,8.84,8.82,8.82,16.55
2026-02-12 13:30:00,8.85,8.85,8.85,8.85,18.2
2026-02-12 13:45:00,8.88,8.88,8.88,8.88,36.23
2026-02-12 14:00:00,8.91,8.91,8.91,8.91,28.07
2026-02-12 14:15:00,8.91,8.91,8.91,8.91,0.0
2026-02-12 14:30:00,8.95,8.95,8.94,8.94,35.74
2026-02-12 14:45:00,8.94,8.94,8.94,8.94,0.0
2026-02-12 15:00:00,8.88,8.88,8.85,8.85,19.1
2026-02-12 15:15:00,8.86,8.93,8.86,8.93,60.1
2026-02-12 15:30:00,8.93,8.93,8.93,8.93,0.0
2026-02-12 15:45:00,8.93,8.93,8.93,8.93,0.0
2026-02-12 16:00:00,8.71,8.71,8.7,8.7,54.11
2026-02-12 16:15:00,8.7,8.7,8.66,8.66,14.78
2026-02-12 16:30:00,8.66,8.69,8.66,8.69,19.69
2026-02-12 16:45:00,8.73,8.73,8.7,8.7,17.08
2026-02-12 17:00:00,8.68,8.71,8.68,8.71,700.06
2026-02-12 17:15:00,8.66,8.66,8.66,8.66,1.35
2026-02-12 17:30:00,8.73,8.73,8.73,8.73,1.61
2026-02-12 17:45:00,8.69,8.69,8.69,8.69,751.39
2026-02-12 18:00:00,8.69,8.69,8.69,8.69,0.0
2026-02-12 18:15:00,8.68,8.69,8.65,8.65,63.68
2026-02-12 18:30:00,8.65,8.65,8.65,8.65,0.0
2026-02-12 18:45:00,8.65,8.65,8.65,8.65,0.0
2026-02-12 19:00:00,8.65,8.65,8.65,8.65,0.0
2026-02-12 19:15:00,8.81,8.83,8.81,8.83,3.89
2026-02-12 19:30:00,8.85,8.85,8.85,8.85,1.27
2026-02-12 19:45:00,8.85,8.85,8.85,8.85,0.0
2026-02-12 20:00:00,8.79,8.79,8.79,8.79,17.94
2026-02-12 20:15:00,8.79,8.79,8.79,8.79,0.0
2026-02-12 20:30:00,8.76,8.77,8.76,8.77,1.55
2026-02-12 20:45:00,8.72,8.72,8.72,8.72,0.97
2026-02-12 21:00:00,8.7,8.75,8.7,8.75,3.24
2026-02-12 21:15:00,8.77,8.78,8.73,8.74,102.47
2026-02-12 21:30:00,8.78,8.78,8.78,8.78,1.7
2026-02-12 21:45:00,8.78,8.78,8.78,8.78,0.0
2026-02-12 22:00:00,8.78,8.78,8.78,8.78,0.0
2026-02-12 22:15:00,8.78,8.78,8.78,8.78,0.0
2026-02-12 22:30:00,8.78,8.78,8.78,8.78,0.0
2026-02-12 22:45:00,8.81,8.81,8.78,8.78,2.67
2026-02-12 23:00:00,8.85,8.87,8.84,8.87,2.32
2026-02-12 23:15:00,8.87,8.87,8.87,8.87,0.0
2026-02-12 23:30:00,8.87,8.87,8.87,8.87,0.0
2026-02-12 23:45:00,8.92,8.92,8.88,8.88,1.85
2026-02-13 00:00:00,8.93,8.97,8.91,8.91,8.87
2026-02-13 00:15:00,8.91,8.91,8.91,8.91,1.26
2026-02-13 00:30:00,8.91,8.91,8.91,8.91,0.0
2026-02-13 00:45:00,8.91,8.91,8.91,8.91,0.0
2026-02-13 01:00:00,8.9,8.9,8.9,8.9,18.16
2026-02-13 01:15:00,8.9,8.9,8.9,8.9,0.0
2026-02-13 01:30:00,8.89,8.89,8.89,8.89,0.45
2026-02-13 01:45:00,8.89,8.89,8.89,8.89,0.0
2026-02-13 02:00:00,8.86,8.88,8.85,8.85,3.3
2026-02-13 02:15:00,8.87,8.87,8.84,8.87,3.99
2026-02-13 02:30:00,8.87,8.87,8.87,8.87,0.0
2026-02-13 02:45:00,8.87,8.87,8.87,8.87,0.0
2026-02-13 03:00:00,8.83,8.83,8.83,8.83,60.55
2026-02-13 03:15:00,8.83,8.83,8.83,8.83,0.0
2026-02-13 03:30:00,8.87,8.87,8.87,8.87,10.0
2026-02-13 03:45:00,8.87,8.87,8.87,8.87,0.0
2026-02-13 04:00:00,8.87,8.87,8.87,8.87,0.0
2026-02-13 04:15:00,8.87,8.87,8.87,8.87,0.0
2026-02-13 04:30:00,8.87,8.87,8.87,8.87,0.0
2026-02-13 04:45:00,8.87,8.87,8.87,8.87,0.0
2026-02-13 05:00:00,8.8,8.8,8.78,8.78,4.09
2026-02-13 05:15:00,8.78,8.78,8.78,8.78,0.0
2026-02-13 05:30:00,8.78,8.78,8.78,8.78,0.0
2026-02-13 05:45:00,8.84,8.84,8.81,8.81,0.48
2026-02-13 06:00:00,8.81,8.81,8.78,8.78,0.54
2026-02-13 06:15:00,8.78,8.78,8.78,8.78,0.0
2026-02-13 06:30:00,8.77,8.78,8.77,8.78,51.39
2026-02-13 06:45:00,8.78,8.78,8.78,8.78,0.0
2026-02-13 07:00:00,8.78,8.78,8.78,8.78,0.0
2026-02-13 07:15:00,8.78,8.78,8.78,8.78,0.0
2026-02-13 07:30:00,8.84,8.84,8.84,8.84,1.25
2026-02-13 07:45:00,8.84,8.84,8.84,8.84,0.0
2026-02-13 08:00:00,8.84,8.84,8.84,8.84,0.0
2026-02-13 08:15:00,8.84,8.84,8.84,8.84,0.0
2026-02-13 08:30:00,8.84,8.84,8.84,8.84,0.0
2026-02-13 08:45:00,8.84,8.84,8.84,8.84,0.0
2026-02-13 09:00:00,8.84,8.84,8.84,8.84,0.0
2026-02-13 09:15:00,8.86,8.86,8.86,8.86,10.45
2026-02-13 09:30:00,8.86,8.86,8.86,8.86,0.0
2026-02-13 09:45:00,8.86,8.86,8.86,8.86,0.0
2026-02-13 10:00:00,8.86,8.86,8.86,8.86,0.0
2026-02-13 10:15:00,8.86,8.86,8.86,8.86,0.0
2026-02-13 10:30:00,8.86,8.86,8.86,8.86,0.0
2026-02-13 10:45:00,8.86,8.86,8.86,8.86,0.0
2026-02-13 11:00:00,8.86,8.86,8.86,8.86,0.0
2026-02-13 11:15:00,8.86,8.86,8.86,8.86,0.0
2026-02-13 11:30:00,8.86,8.86,8.86,8.86,0.0
2026-02-13 11:45:00,8.87,8.88,8.85,8.85,34.75
2026-02-13 12:00:00,8.85,8.85,8.85,8.85,0.0
2026-02-13 12:15:00,8.85,8.85,8.85,8.85,0.0
2026-02-13 12:30:00,8.85,8.85,8.85,8.85,0.0
2026-02-13 12:45:00,8.85,8.85,8.85,8.85,0.0
2026-02-13 13:00:00,8.85,8.85,8.85,8.85,0.0
2026-02-13 13:15:00,8.91,8.93,8.91,8.93,6.71
2026-02-13 13:30:00,8.93,8.93,8.93,8.93,0.0
2026-02-13 13:45:00,8.89,8.89,8.89,8.89,33.42
2026-02-13 14:00:00,8.89,8.89,8.89,8.89,0.0
2026-02-13 14:15:00,8.89,8.89,8.89,8.89,0.0
2026-02-13 14:30:00,8.99,9.0,8.98,8.98,24.11
2026-02-13 14:45:00,8.98,8.98,8.98,8.98,0.0
2026-02-13 15:00:00,9.08,9.1,9.08,9.1,38.72
2026-02-13 15:15:00,9.12,9.18,9.08,9.18,38.11
2026-02-13 15:30:00,9.19,9.19,9.19,9.19,0.45
2026-02-13 15:45:00,9.19,9.19,9.19,9.19,0.0
2026-02-13 16:00:00,9.19,9.19,9.19,9.19,0.0
2026-02-13 16:15:00,9.19,9.19,9.19,9.19,0.0
2026-02-13 16:30:00,9.2,9.2,9.2,9.2,7.34
2026-02-13 16:45:00,9.21,9.21,9.21,9.21,38.96
2026-02-13 17:00:00,9.21,9.21,9.21,9.21,0.0
2026-02-13 17:15:00,9.18,9.19,9.18,9.19,31.82
2026-02-13 17:30:00,9.19,9.19,9.19,9.19,0.0
2026-02-13 17:45:00,9.15,9.15,9.15,9.15,3.46
2026-02-13 18:00:00,9.15,9.15,9.15,9.15,0.0
2026-02-13 18:15:00,9.15,9.15,9.15,9.15,0.0
2026-02-13 18:30:00,9.15,9.15,9.15,9.15,0.0
2026-02-13 18:45:00,9.15,9.15,9.15,9.15,0.0
2026-02-13 19:00:00,9.15,9.15,9.15,9.15,0.0
2026-02-13 19:15:00,9.19,9.19,9.19,9.19,4.27
2026-02-13 19:30:00,9.19,9.19,9.19,9.19,0.0
2026-02-13 19:45:00,9.19,9.19,9.19,9.19,0.0
2026-02-13 20:00:00,9.19,9.19,9.19,9.19,0.0
2026-02-13 20:15:00,9.19,9.19,9.19,9.19,0.0
2026-02-13 20:30:00,9.2,9.2,9.2,9.2,1.09
2026-02-13 20:45:00,9.22,9.22,9.22,9.22,54.2
2026-02-13 21:00:00,9.25,9.25,9.25,9.25,1.08
2026-02-13 21:15:00,9.25,9.25,9.25,9.25,0.0
2026-02-13 21:30:00,9.23,9.23,9.23,9.23,4.33
2026-02-13 21:45:00,9.23,9.23,9.23,9.23,0.0
2026-02-13 22:00:00,9.23,9.23,9.23,9.23,0.0
2026-02-13 22:15:00,9.23,9.23,9.23,9.23,0.0
2026-02-13 22:30:00,9.23,9.23,9.23,9.23,0.0
2026-02-13 22:45:00,9.23,9.23,9.23,9.23,0.0
2026-02-13 23:00:00,9.23,9.23,9.23,9.23,0.0
2026-02-13 23:15:00,9.23,9.23,9.23,9.23,0.0
2026-02-13 23:30:00,9.23,9.23,9.23,9.23,0.0
2026-02-13 23:45:00,9.23,9.23,9.23,9.23,0.0
2026-02-14 00:00:00,9.14,9.14,9.14,9.14,10.0
2026-02-14 00:15:00,9.14,9.14,9.13,9.13,31.74
2026-02-14 00:30:00,9.18,9.18,9.18,9.18,1.17
2026-02-14 00:45:00,9.18,9.18,9.18,9.18,0.0
2026-02-14 01:00:00,9.18,9.18,9.18,9.18,0.0
2026-02-14 01:15:00,9.18,9.18,9.18,9.18,0.0
2026-02-14 01:30:00,9.18,9.18,9.18,9.18,0.0
2026-02-14 01:45:00,9.18,9.18,9.18,9.18,0.0
2026-02-14 02:00:00,9.18,9.18,9.18,9.18,0.0
2026-02-14 02:15:00,9.18,9.18,9.18,9.18,0.0
2026-02-14 02:30:00,9.18,9.18,9.18,9.18,0.0
2026-02-14 02:45:00,9.18,9.18,9.18,9.18,0.0
2026-02-14 03:00:00,9.18,9.18,9.18,9.18,0.0
2026-02-14 03:15:00,9.2,9.2,9.2,9.2,1.63
2026-02-14 03:30:00,9.2,9.2,9.2,9.2,0.0
2026-02-14 03:45:00,9.2,9.2,9.2,9.2,0.0
2026-02-14 04:00:00,9.22,9.22,9.19,9.19,1.71
2026-02-14 04:15:00,9.19,9.19,9.19,9.19,0.0
2026-02-14 04:30:00,9.19,9.19,9.19,9.19,0.0
2026-02-14 04:45:00,9.19,9.19,9.19,9.19,0.0
2026-02-14 05:00:00,9.17,9.17,9.17,9.17,2.72
2026-02-14 05:15:00,9.17,9.17,9.17,9.17,0.0
2026-02-14 05:30:00,9.17,9.17,9.17,9.17,0.0
2026-02-14 05:45:00,9.17,9.17,9.17,9.17,0.0
2026-02-14 06:00:00,9.17,9.17,9.17,9.17,0.0
2026-02-14 06:15:00,9.16,9.16,9.16,9.16,0.33
2026-02-14 06:30:00,9.16,9.16,9.16,9.16,0.0
2026-02-14 06:45:00,9.19,9.19,9.19,9.19,0.67
2026-02-14 07:00:00,9.17,9.22,9.17,9.22,1.68
2026-02-14 07:15:00,9.19,9.19,9.19,9.19,1.02
2026-02-14 07:30:00,9.2,9.2,9.17,9.17,0.89
2026-02-14 07:45:00,9.17,9.17,9.17,9.17,0.0
2026-02-14 08:00:00,9.17,9.17,9.17,9.17,0.0
2026-02-14 08:15:00,9.17,9.17,9.17,9.17,0.0
2026-02-14 08:30:00,9.27,9.27,9.27,9.27,0.66
2026-02-14 08:45:00,9.26,9.26,9.26,9.26,1.13
2026-02-14 09:00:00,9.26,9.26,9.23,9.23,0.86
2026-02-14 09:15:00,9.24,9.24,9.24,9.24,2.92
2026-02-14 09:30:00,9.26,9.26,9.23,9.24,4.52
2026-02-14 09:45:00,9.24,9.24,9.24,9.24,0.0
2026-02-14 10:00:00,9.24,9.24,9.24,9.24,0.0
2026-02-14 10:15:00,9.24,9.24,9.23,9.23,1.63
2026-02-14 10:30:00,9.25,9.25,9.23,9.25,1.55
2026-02-14 10:45:00,9.22,9.24,9.22,9.24,1.25
2026-02-14 11:00:00,9.28,9.28,9.28,9.28,1.31
2026-02-14 11:15:00,9.28,9.28,9.28,9.28,0.0
2026-02-14 11:30:00,9.28,9.28,9.28,9.28,0.0
2026-02-14 11:45:00,9.28,9.28,9.28,9.28,0.0
2026-02-14 12:00:00,9.28,9.28,9.28,9.28,0.0
2026-02-14 12:15:00,9.28,9.28,9.28,9.28,0.0
2026-02-14 12:30:00,9.28,9.28,9.28,9.28,0.0
2026-02-14 12:45:00,9.29,9.29,9.29,9.29,1.1
2026-02-14 13:00:00,9.29,9.29,9.29,9.29,0.0
2026-02-14 13:15:00,9.29,9.29,9.29,9.29,0.0
2026-02-14 13:30:00,9.29,9.29,9.29,9.29,0.0
2026-02-14 13:45:00,9.29,9.29,9.29,9.29,0.0
2026-02-14 14:00:00,9.32,9.32,9.29,9.29,2.19
2026-02-14 14:15:00,9.32,9.32,9.29,9.29,0.8
2026-02-14 14:30:00,9.29,9.29,9.29,9.29,0.0
2026-02-14 14:45:00,9.36,9.36,9.36,9.36,12.0
2026-02-14 15:00:00,9.38,9.38,9.34,9.37,2.18
2026-02-14 15:15:00,9.33,9.33,9.33,9.33,1.1
2026-02-14 15:30:00,9.37,9.37,9.37,9.37,1.21
2026-02-14 15:45:00,9.35,9.35,9.35,9.35,1.21
2026-02-14 16:00:00,9.35,9.35,9.35,9.35,0.0
2026-02-14 16:15:00,9.35,9.35,9.35,9.35,0.0
2026-02-14 16:30:00,9.39,9.41,9.39,9.41,2.54
2026-02-14 16:45:00,9.4,9.43,9.4,9.43,2.64
2026-02-14 17:00:00,9.44,9.44,9.44,9.44,3.0
2026-02-14 17:15:00,9.45,9.5,9.45,9.5,36.93
2026-02-14 17:30:00,9.5,9.5,9.5,9.5,0.0
2026-02-14 17:45:00,9.49,9.49,9.48,9.48,10.5
2026-02-14 18:00:00,9.48,9.48,9.48,9.48,6.85
2026-02-14 18:15:00,9.48,9.48,9.48,9.48,0.0
2026-02-14 18:30:00,9.48,9.48,9.48,9.48,0.0
2026-02-14 18:45:00,9.52,9.52,9.52,9.52,2.83
2026-02-14 19:00:00,9.56,9.58,9.52,9.52,35.74
2026-02-14 19:15:00,9.52,9.52,9.52,9.52,0.0
2026-02-14 19:30:00,9.57,9.57,9.57,9.57,6.21
2026-02-14 19:45:00,9.59,9.63,9.59,9.63,14.07
2026-02-14 20:00:00,9.66,9.66,9.66,9.66,1.03
2026-02-14 20:15:00,9.58,9.58,9.58,9.58,2.22
2026-02-14 20:30:00,9.55,9.56,9.54,9.56,3.88
2026-02-14 20:45:00,9.56,9.56,9.56,9.56,0.0
2026-02-14 21:00:00,9.63,9.63,9.61,9.61,4.53
2026-02-14 21:15:00,9.64,9.64,9.64,9.64,1.74
2026-02-14 21:30:00,9.64,9.64,9.64,9.64,0.0
2026-02-14 21:45:00,9.64,9.64,9.64,9.64,0.0
2026-02-14 22:00:00,9.64,9.64,9.64,9.64,0.0
2026-02-14 22:15:00,9.71,9.71,9.68,9.68,12.25
2026-02-14 22:30:00,9.68,9.68,9.68,9.68,7.15
2026-02-14 22:45:00,9.67,9.68,9.67,9.68,5.16
2026-02-14 23:00:00,9.68,9.68,9.68,9.68,0.0
2026-02-14 23:15:00,9.59,9.59,9.59,9.59,1.73
2026-02-14 23:30:00,9.58,9.58,9.58,9.58,27.36
2026-02-14 23:45:00,9.58,9.58,9.58,9.58,0.0
2026-02-15 00:00:00,9.58,9.58,9.58,9.58,0.0
2026-02-15 00:15:00,9.58,9.58,9.58,9.58,0.0
2026-02-15 00:30:00,9.57,9.57,9.57,9.57,10.45
2026-02-15 00:45:00,9.57,9.57,9.57,9.57,0.0
2026-02-15 01:00:00,9.57,9.57,9.57,9.57,0.0
2026-02-15 01:15:00,9.57,9.57,9.57,9.57,0.0
2026-02-15 01:30:00,9.57,9.57,9.57,9.57,0.0
2026-02-15 01:45:00,9.52,9.52,9.52,9.52,4.86
2026-02-15 02:00:00,9.52,9.52,9.52,9.52,0.0
2026-02-15 02:15:00,9.52,9.52,9.52,9.52,0.0
2026-02-15 02:30:00,9.52,9.52,9.52,9.52,0.0
2026-02-15 02:45:00,9.52,9.52,9.52,9.52,0.0
2026-02-15 03:00:00,9.52,9.52,9.52,9.52,0.0
2026-02-15 03:15:00,9.52,9.52,9.52,9.52,0.0
2026-02-15 03:30:00,9.52,9.52,9.46,9.46,30.69
2026-02-15 03:45:00,9.57,9.57,9.57,9.57,9.14
2026-02-15 04:00:00,9.63,9.69,9.63,9.69,40.72
2026-02-15 04:15:00,9.69,9.69,9.69,9.69,0.0
2026-02-15 04:30:00,9.65,9.65,9.65,9.65,77.36
2026-02-15 04:45:00,9.65,9.65,9.65,9.65,0.0
2026-02-15 05:00:00,9.64,9.64,9.64,9.64,2.59
2026-02-15 05:15:00,9.64,9.64,9.64,9.64,0.0
2026-02-15 05:30:00,9.64,9.64,9.64,9.64,0.0
2026-02-15 05:45:00,9.64,9.64,9.64,9.64,0.0
2026-02-15 06:00:00,9.7,9.7,9.7,9.7,30.83
2026-02-15 06:15:00,9.7,9.7,9.7,9.7,0.0
2026-02-15 06:30:00,9.7,9.7,9.7,9.7,0.0
2026-02-15 06:45:00,9.7,9.7,9.7,9.7,0.0
2026-02-15 07:00:00,9.7,9.7,9.7,9.7,0.0
2026-02-15 07:15:00,9.7,9.7,9.7,9.7,0.0
2026-02-15 07:30:00,9.71,9.72,9.71,9.72,2.51
2026-02-15 07:45:00,9.72,9.72,9.72,9.72,0.0
2026-02-15 08:00:00,9.72,9.72,9.72,9.72,0.0
2026-02-15 08:15:00,9.72,9.72,9.72,9.72,0.0
2026-02-15 08:30:00,9.54,9.54,9.54,9.54,5.44
2026-02-15 08:45:00,9.54,9.54,9.54,9.54,30.76
2026-02-15 09:00:00,9.54,9.54,9.54,9.54,0.0
2026-02-15 09:15:00,9.6,9.6,9.6,9.6,2.98
2026-02-15 09:30:00,9.6,9.6,9.6,9.6,0.0
2026-02-15 09:45:00,9.6,9.6,9.6,9.6,0.0
2026-02-15 10:00:00,9.6,9.6,9.6,9.6,0.0
2026-02-15 10:15:00,9.6,9.6,9.6,9.6,0.0
2026-02-15 10:30:00,9.6,9.6,9.6,9.6,0.0
2026-02-15 10:45:00,9.6,9.6,9.6,9.6,0.0
2026-02-15 11:00:00,9.57,9.57,9.57,9.57,3.65
2026-02-15 11:15:00,9.57,9.57,9.57,9.57,0.0
2026-02-15 11:30:00,9.57,9.57,9.57,9.57,0.0
2026-02-15 11:45:00,9.51,9.51,9.51,9.51,7.21
2026-02-15 12:00:00,9.55,9.55,9.5,9.5,8.05
2026-02-15 12:15:00,9.5,9.5,9.5,9.5,0.0
2026-02-15 12:30:00,9.5,9.5,9.5,9.5,4.75
2026-02-15 12:45:00,9.39,9.39,9.33,9.36,53.93
2026-02-15 13:00:00,9.36,9.36,9.36,9.36,0.0
2026-02-15 13:15:00,9.36,9.36,9.36,9.36,0.0
2026-02-15 13:30:00,9.29,9.29,9.29,9.29,13.93
2026-02-15 13:45:00,9.29,9.29,9.29,9.29,0.0
2026-02-15 14:00:00,9.33,9.33,9.33,9.33,2.68
2026-02-15 14:15:00,9.33,9.33,9.33,9.33,0.0
2026-02-15 14:30:00,9.33,9.33,9.33,9.33,0.0
2026-02-15 14:45:00,9.33,9.33,9.33,9.33,0.0
2026-02-15 15:00:00,9.39,9.41,9.39,9.41,1.27
2026-02-15 15:15:00,9.41,9.41,9.41,9.41,0.0
2026-02-15 15:30:00,9.41,9.41,9.41,9.41,0.0
2026-02-15 15:45:00,9.41,9.41,9.41,9.41,0.0
2026-02-15 16:00:00,9.36,9.36,9.36,9.36,0.8
2026-02-15 16:15:00,9.36,9.36,9.36,9.36,0.0
2026-02-15 16:30:00,9.36,9.36,9.36,9.36,0.0
2026-02-15 16:45:00,9.36,9.36,9.36,9.36,0.0
2026-02-15 17:00:00,9.36,9.36,9.36,9.36,3.87
2026-02-15 17:15:00,9.33,9.33,9.33,9.33,3.83
2026-02-15 17:30:00,9.32,9.32,9.32,9.32,10.31
2026-02-15 17:45:00,9.22,9.25,9.21,9.24,39.09
2026-02-15 18:00:00,9.24,9.24,9.24,9.24,0.0
2026-02-15 18:15:00,9.25,9.28,9.25,9.28,3.91
2026-02-15 18:30:00,9.28,9.28,9.28,9.28,0.0
2026-02-15 18:45:00,9.28,9.28,9.28,9.28,0.0
2026-02-15 19:00:00,9.28,9.28,9.28,9.28,0.0
2026-02-15 19:15:00,9.28,9.28,9.28,9.28,0.0
2026-02-15 19:30:00,9.28,9.28,9.28,9.28,0.0
2026-02-15 19:45:00,9.28,9.28,9.28,9.28,0.0
2026-02-15 20:00:00,9.18,9.19,9.16,9.16,5.26
2026-02-15 20:15:00,9.16,9.16,9.16,9.16,0.0
2026-02-15 20:30:00,9.16,9.16,9.16,9.16,0.0
2026-02-15 20:45:00,9.16,9.16,9.16,9.16,0.0
2026-02-15 21:00:00,9.25,9.26,9.25,9.26,0.35
2026-02-15 21:15:00,9.26,9.26,9.26,9.26,0.0
2026-02-15 21:30:00,9.26,9.26,9.26,9.26,0.0
2026-02-15 21:45:00,9.26,9.26,9.26,9.26,0.0
2026-02-15 22:00:00,9.26,9.26,9.26,9.26,0.0
2026-02-15 22:15:00,9.26,9.26,9.26,9.26,0.0
2026-02-15 22:30:00,9.26,9.26,9.26,9.26,0.0
2026-02-15 22:45:00,9.26,9.26,9.26,9.26,0.0
2026-02-15 23:00:00,9.26,9.26,9.26,9.26,0.0
2026-02-15 23:15:00,9.26,9.26,9.26,9.26,0.0
2026-02-15 23:30:00,9.26,9.26,9.26,9.26,0.0
2026-02-15 23:45:00,9.27,9.27,9.26,9.26,18.57
2026-02-16 00:00:00,9.26,9.26,9.26,9.26,0.0
2026-02-16 00:15:00,9.26,9.26,9.26,9.26,0.0
2026-02-16 00:30:00,9.26,9.26,9.26,9.26,0.0
2026-02-16 00:45:00,9.29,9.29,9.29,9.29,1.21
2026-02-16 01:00:00,9.29,9.29,9.29,9.29,0.0
2026-02-16 01:15:00,9.29,9.29,9.29,9.29,0.0
2026-02-16 01:30:00,9.29,9.29,9.29,9.29,0.0
2026-02-16 01:45:00,9.29,9.29,9.29,9.29,0.0
2026-02-16 02:00:00,9.29,9.29,9.29,9.29,0.0
2026-02-16 02:15:00,9.29,9.29,9.29,9.29,0.0
2026-02-16 02:30:00,9.29,9.29,9.29,9.29,0.0
2026-02-16 02:45:00,9.29,9.29,9.29,9.29,0.0
2026-02-16 03:00:00,9.29,9.29,9.29,9.29,0.0
2026-02-16 03:15:00,9.29,9.29,9.29,9.29,0.0
2026-02-16 03:30:00,9.29,9.29,9.29,9.29,0.0
2026-02-16 03:45:00,9.29,9.29,9.29,9.29,0.0
2026-02-16 04:00:00,9.29,9.29,9.29,9.29,0.0
2026-02-16 04:15:00,9.31,9.31,9.31,9.31,21.46
2026-02-16 04:30:00,9.29,9.29,9.29,9.29,10.75
2026-02-16 04:45:00,9.29,9.29,9.29,9.29,0.0
2026-02-16 05:00:00,9.32,9.32,9.3,9.3,7.84
2026-02-16 05:15:00,9.3,9.3,9.3,9.3,0.0
2026-02-16 05:30:00,9.3,9.3,9.3,9.3,0.0
2026-02-16 05:45:00,9.3,9.3,9.3,9.3,0.0
2026-02-16 06:00:00,9.3,9.3,9.3,9.3,0.0
2026-02-16 06:15:00,9.3,9.3,9.3,9.3,0.0
2026-02-16 06:30:00,9.3,9.3,9.3,9.3,0.0
2026-02-16 06:45:00,9.3,9.3,9.3,9.3,0.0
2026-02-16 07:00:00,9.3,9.3,9.3,9.3,0.0
2026-02-16 07:15:00,9.3,9.3,9.3,9.3,0.0
2026-02-16 07:30:00,9.3,9.3,9.3,9.3,0.0
2026-02-16 07:45:00,9.3,9.3,9.3,9.3,0.0
2026-02-16 08:00:00,9.3,9.3,9.3,9.3,0.0
2026-02-16 08:15:00,9.3,9.3,9.3,9.3,0.0
2026-02-16 08:30:00,9.3,9.3,9.3,9.3,2.79
2026-02-16 08:45:00,9.3,9.3,9.3,9.3,0.0
2026-02-16 09:00:00,9.3,9.3,9.3,9.3,0.0
2026-02-16 09:15:00,9.28,9.28,9.28,9.28,9.58
2026-02-16 09:30:00,9.28,9.28,9.28,9.28,0.0
2026-02-16 09:45:00,9.28,9.28,9.28,9.28,0.0
2026-02-16 10:00:00,9.28,9.28,9.28,9.28,0.0
2026-02-16 10:15:00,9.28,9.28,9.28,9.28,0.0
2026-02-16 10:30:00,9.28,9.28,9.28,9.28,0.0
2026-02-16 10:45:00,9.28,9.28,9.28,9.28,0.0
2026-02-16 11:00:00,9.28,9.28,9.28,9.28,0.0
2026-02-16 11:15:00,9.2,9.2,9.2,9.2,10.0
2026-02-16 11:30:00,9.29,9.29,9.23,9.23,3.21
2026-02-16 11:45:00,9.23,9.23,9.23,9.23,0.0
2026-02-16 12:00:00,9.23,9.23,9.23,9.23,0.0
2026-02-16 12:15:00,9.23,9.23,9.23,9.23,0.0
2026-02-16 12:30:00,9.23,9.23,9.23,9.23,0.0
2026-02-16 12:45:00,9.23,9.23,9.23,9.23,0.0
2026-02-16 13:00:00,9.38,9.41,9.38,9.41,35.06
2026-02-16 13:15:00,9.41,9.41,9.41,9.41,0.0
2026-02-16 13:30:00,9.41,9.41,9.41,9.41,0.0
2026-02-16 13:45:00,9.41,9.41,9.41,9.41,0.0
2026-02-16 14:00:00,9.41,9.41,9.41,9.41,0.0
2026-02-16 14:15:00,9.41,9.41,9.41,9.41,0.0
2026-02-16 14:30:00,9.22,9.22,9.21,9.21,66.96
2026-02-16 14:45:00,9.21,9.21,9.21,9.21,0.0
2026-02-16 15:00:00,9.26,9.26,9.26,9.26,11.39
2026-02-16 15:15:00,9.26,9.26,9.26,9.26,0.0
2026-02-16 15:30:00,9.08,9.08,9.07,9.08,12.41
2026-02-16 15:45:00,9.09,9.09,9.09,9.09,76.4
2026-02-16 16:00:00,9.09,9.09,9.09,9.09,0.0
2026-02-16 16:15:00,9.09,9.09,9.09,9.09,0.0
2026-02-16 16:30:00,9.09,9.09,9.09,9.09,0.0
2026-02-16 16:45:00,9.09,9.09,9.09,9.09,0.0
2026-02-16 17:00:00,9.13,9.14,9.13,9.14,0.81
2026-02-16 17:15:00,9.14,9.14,9.14,9.14,0.0
2026-02-16 17:30:00,9.15,9.15,9.15,9.15,10.7
2026-02-16 17:45:00,9.14,9.14,9.14,9.14,0.25
2026-02-16 18:00:00,9.15,9.15,9.15,9.15,10.77
2026-02-16 18:15:00,9.15,9.15,9.15,9.15,0.0
2026-02-16 18:30:00,9.15,9.15,9.15,9.15,0.0
2026-02-16 18:45:00,9.15,9.15,9.15,9.15,0.0
2026-02-16 19:00:00,9.15,9.15,9.15,9.15,0.0
2026-02-16 19:15:00,9.15,9.15,9.15,9.15,0.0
2026-02-16 19:30:00,9.15,9.15,9.15,9.15,0.0
2026-02-16 19:45:00,9.15,9.16,9.15,9.16,1.09
2026-02-16 20:00:00,9.16,9.16,9.16,9.16,0.0
2026-02-16 20:15:00,9.16,9.16,9.16,9.16,0.0
2026-02-16 20:30:00,9.16,9.16,9.16,9.16,0.0
2026-02-16 20:45:00,9.16,9.16,9.16,9.16,0.0
2026-02-16 21:00:00,9.21,9.22,9.21,9.22,4.94
2026-02-16 21:15:00,9.21,9.21,9.21,9.21,1.53
2026-02-16 21:30:00,9.21,9.21,9.21,9.21,0.0
2026-02-16 21:45:00,9.21,9.21,9.21,9.21,0.0
2026-02-16 22:00:00,9.27,9.32,9.27,9.32,3.81
2026-02-16 22:15:00,9.32,9.32,9.32,9.32,0.0
2026-02-16 22:30:00,9.32,9.32,9.32,9.32,0.0
2026-02-16 22:45:00,9.32,9.32,9.32,9.32,0.0
2026-02-16 23:00:00,9.32,9.32,9.32,9.32,0.0
2026-02-16 23:15:00,9.32,9.32,9.32,9.32,0.0
2026-02-16 23:30:00,9.32,9.32,9.32,9.32,0.0
2026-02-16 23:45:00,9.32,9.32,9.32,9.32,0.0
2026-02-17 00:00:00,9.32,9.32,9.32,9.32,0.0
2026-02-17 00:15:00,9.24,9.24,9.24,9.24,118.07
2026-02-17 00:30:00,9.24,9.24,9.24,9.24,0.0
2026-02-17 00:45:00,9.24,9.24,9.24,9.24,0.0
2026-02-17 01:00:00,9.24,9.24,9.24,9.24,0.0
2026-02-17 01:15:00,9.24,9.24,9.24,9.24,0.0
2026-02-17 01:30:00,9.23,9.27,9.23,9.27,22.81
2026-02-17 01:45:00,9.27,9.27,9.27,9.27,0.0
2026-02-17 02:00:00,9.27,9.27,9.27,9.27,0.0
2026-02-17 02:15:00,9.27,9.27,9.27,9.27,0.0
