timestamp,open,high,low,close,volume
2024-01-01 00:00:00,9.81,9.86,9.75,9.81,3346
2024-01-01 00:15:00,9.81,10.11,9.8,10.1,2937
2024-01-01 00:30:00,10.1,10.37,10.05,10.32,2678
2024-01-01 00:45:00,10.32,10.48,10.31,10.47,1705
2024-01-01 01:00:00,10.47,10.48,10.21,10.22,1962
2024-01-01 01:15:00,10.22,10.69,10.17,10.64,5356
2024-01-01 01:30:00,10.64,10.69,10.35,10.4,3422
2024-01-01 01:45:00,10.4,10.7,10.29,10.59,3342
2024-01-01 02:00:00,10.59,10.71,10.41,10.52,1575
2024-01-01 02:15:00,10.52,10.68,10.22,10.38,3202
2024-01-01 02:30:00,10.38,10.48,9.95,10.05,4359
2024-01-01 02:45:00,10.05,10.37,9.98,10.31,1688
2024-01-01 03:00:00,10.31,10.43,9.96,10.09,4216
2024-01-01 03:15:00,10.09,10.15,9.8,9.87,1783
2024-01-01 03:30:00,9.87,10.03,9.81,9.97,2160
2024-01-01 03:45:00,9.97,10.25,9.87,10.15,2452
2024-01-01 04:00:00,10.15,10.43,10.05,10.32,2594
2024-01-01 04:15:00,10.32,10.43,10.23,10.34,1369
2024-01-01 04:30:00,10.34,10.65,9.72,10.03,5395
2024-01-01 04:45:00,10.03,10.09,9.99,10.04,852
2024-01-01 05:00:00,10.04,10.22,9.44,9.62,2989
2024-01-01 05:15:00,9.62,9.88,9.44,9.69,1145
2024-01-01 05:30:00,9.69,9.86,9.63,9.8,2536
2024-01-01 05:45:00,9.8,9.88,9.76,9.84,1705
2024-01-01 06:00:00,9.84,9.86,9.63,9.65,3034
2024-01-01 06:15:00,9.65,9.94,9.55,9.85,2130
2024-01-01 06:30:00,9.85,9.97,9.83,9.95,1971
2024-01-01 06:45:00,9.95,9.99,9.4,9.44,7864
2024-01-01 07:00:00,9.44,9.46,9.06,9.08,4493
2024-01-01 07:15:00,9.08,9.21,9.03,9.15,1448
2024-01-01 07:30:00,9.15,9.26,8.95,9.06,1763
2024-01-01 07:45:00,9.06,9.13,8.75,8.83,2556
2024-01-01 08:00:00,8.83,8.92,8.68,8.77,2259
2024-01-01 08:15:00,8.77,8.83,8.5,8.56,1910
2024-01-01 08:30:00,8.56,8.73,8.5,8.66,2700
2024-01-01 08:45:00,8.66,8.69,8.63,8.66,1468
2024-01-01 09:00:00,8.66,8.86,8.47,8.67,1242
2024-01-01 09:15:00,8.67,8.7,8.41,8.44,3218
2024-01-01 09:30:00,8.44,8.55,7.95,8.07,2832
2024-01-01 09:45:00,8.07,8.12,8.06,8.12,1214
2024-01-01 10:00:00,8.12,8.29,8.01,8.18,930
2024-01-01 10:15:00,8.18,8.27,7.87,7.97,4773
2024-01-01 10:30:00,7.97,8.12,7.84,8.0,1117
2024-01-01 10:45:00,8.0,8.08,7.75,7.83,2887
2024-01-01 11:00:00,7.83,8.02,7.51,7.7,3261
2024-01-01 11:15:00,7.7,7.77,7.58,7.66,712
2024-01-01 11:30:00,7.66,8.09,7.57,8.01,5903
2024-01-01 11:45:00,8.01,8.2,7.97,8.16,3839
2024-01-01 12:00:00,8.16,8.2,7.92,7.96,1770
2024-01-01 12:15:00,7.96,8.16,7.87,8.06,2784
2024-01-01 12:30:00,8.06,8.2,7.98,8.12,1752
2024-01-01 12:45:00,8.12,8.26,8.04,8.19,2606
2024-01-01 13:00:00,8.19,8.33,8.08,8.22,1357
2024-01-01 13:15:00,8.22,8.23,8.2,8.2,1252
2024-01-01 13:30:00,8.2,8.27,7.74,7.81,6343
2024-01-01 13:45:00,7.81,7.85,7.61,7.64,3920
2024-01-01 14:00:00,7.64,7.76,7.57,7.69,866
2024-01-01 14:15:00,7.69,7.83,7.63,7.77,1118
2024-01-01 14:30:00,7.77,8.02,7.59,7.84,2635
2024-01-01 14:45:00,7.84,7.92,7.82,7.9,1527
2024-01-01 15:00:00,7.9,7.92,7.53,7.55,2544
2024-01-01 15:15:00,7.55,7.62,7.45,7.52,1708
2024-01-01 15:30:00,7.52,7.95,7.31,7.74,1869
2024-01-01 15:45:00,7.74,7.82,7.2,7.28,5943
2024-01-01 16:00:00,7.28,7.46,7.2,7.38,2809
2024-01-01 16:15:00,7.38,7.81,7.35,7.78,4231
2024-01-01 16:30:00,7.78,7.85,7.73,7.8,1257
2024-01-01 16:45:00,7.8,7.94,7.71,7.85,1100
2024-01-01 17:00:00,7.85,8.12,7.76,8.02,4053
2024-01-01 17:15:00,8.02,8.08,7.96,8.02,1407
2024-01-01 17:30:00,8.02,8.3,7.92,8.21,3361
2024-01-01 17:45:00,8.21,8.23,7.76,7.78,7847
2024-01-01 18:00:00,7.78,7.8,7.7,7.71,1130
2024-01-01 18:15:00,7.71,8.29,7.53,8.1,4643
2024-01-01 18:30:00,8.1,8.6,7.98,8.48,3144
2024-01-01 18:45:00,8.48,8.92,8.31,8.76,3130
2024-01-01 19:00:00,8.76,9.08,8.65,8.98,1831
2024-01-01 19:15:00,8.98,9.15,8.64,8.82,2664
2024-01-01 19:30:00,8.82,9.12,8.49,8.8,1386
2024-01-01 19:45:00,8.8,9.19,8.65,9.04,4604
2024-01-01 20:00:00,9.04,9.13,9.02,9.12,1181
2024-01-01 20:15:00,9.12,9.34,9.08,9.3,1971
2024-01-01 20:30:00,9.3,9.65,9.25,9.6,3125
2024-01-01 20:45:00,9.6,9.69,9.56,9.65,2157
2024-01-01 21:00:00,9.65,9.76,9.52,9.62,1461
2024-01-01 21:15:00,9.62,9.66,9.58,9.61,1010
2024-01-01 21:30:00,9.61,9.85,9.49,9.73,1275
2024-01-01 21:45:00,9.73,9.87,9.72,9.86,2299
2024-01-01 22:00:00,9.86,10.0,9.65,9.78,1453
2024-01-01 22:15:00,9.78,9.85,9.33,9.39,3244
2024-01-01 22:30:00,9.39,9.53,9.36,9.51,1696
2024-01-01 22:45:00,9.51,9.54,9.45,9.48,1284
2024-01-01 23:00:00,9.48,9.65,9.2,9.37,1098
2024-01-01 23:15:00,9.37,9.47,9.23,9.34,943
2024-01-01 23:30:00,9.34,9.43,9.18,9.27,802
2024-01-01 23:45:00,9.27,9.39,8.71,8.82,7135
2024-01-02 00:00:00,8.82,9.07,8.77,9.02,1705
2024-01-02 00:15:00,9.02,9.47,8.75,9.19,1457
2024-01-02 00:30:00,9.19,9.47,9.04,9.32,1735
2024-01-02 00:45:00,9.32,9.85,9.17,9.7,4224
2024-01-02 01:00:00,9.7,9.77,9.41,9.48,3790
2024-01-02 01:15:00,9.48,9.63,9.42,9.57,2346
2024-01-02 01:30:00,9.57,9.81,9.53,9.77,4001
2024-01-02 01:45:00,9.77,10.07,9.49,9.78,741
2024-01-02 02:00:00,9.78,9.87,9.78,9.87,1350
2024-01-02 02:15:00,9.87,9.96,9.68,9.77,1387
2024-01-02 02:30:00,9.77,10.22,9.48,9.94,2780
2024-01-02 02:45:00,9.94,10.03,9.72,9.81,1632
2024-01-02 03:00:00,9.81,9.92,9.68,9.79,1709
2024-01-02 03:15:00,9.79,10.54,9.55,10.3,5956
2024-01-02 03:30:00,10.3,10.71,10.23,10.64,3536
2024-01-02 03:45:00,10.64,10.86,10.42,10.64,741
2024-01-02 04:00:00,10.64,10.66,10.41,10.43,3315
2024-01-02 04:15:00,10.43,10.53,10.21,10.31,2596
2024-01-02 04:30:00,10.31,10.84,10.2,10.73,3181
2024-01-02 04:45:00,10.73,10.91,10.6,10.78,2120
2024-01-02 05:00:00,10.78,10.99,10.78,10.98,3682
2024-01-02 05:15:00,10.98,11.02,10.81,10.85,2371
2024-01-02 05:30:00,10.85,10.92,10.66,10.73,1212
2024-01-02 05:45:00,10.73,10.85,10.71,10.82,1867
2024-01-02 06:00:00,10.82,11.11,10.8,11.09,1704
2024-01-02 06:15:00,11.09,11.81,10.97,11.69,5966
2024-01-02 06:30:00,11.69,11.88,11.28,11.47,3585
2024-01-02 06:45:00,11.47,11.51,11.17,11.21,3057
2024-01-02 07:00:00,11.21,11.27,10.85,10.92,4167
2024-01-02 07:15:00,10.92,11.48,10.7,11.26,5495
2024-01-02 07:30:00,11.26,11.69,11.12,11.55,4227
2024-01-02 07:45:00,11.55,11.61,11.1,11.16,3256
2024-01-02 08:00:00,11.16,11.16,11.16,11.16,1443
2024-01-02 08:15:00,11.16,11.27,11.04,11.14,566
2024-01-02 08:30:00,11.14,11.37,11.13,11.36,3221
2024-01-02 08:45:00,11.36,11.4,11.1,11.14,3904
2024-01-02 09:00:00,11.14,11.18,10.67,10.71,3139
2024-01-02 09:15:00,10.71,10.88,10.27,10.43,3997
2024-01-02 09:30:00,10.43,11.21,10.18,10.96,3713
2024-01-02 09:45:00,10.96,11.27,10.87,11.18,4078
2024-01-02 10:00:00,11.18,11.35,11.12,11.29,2548
2024-01-02 10:15:00,11.29,11.4,11.21,11.33,1169
2024-01-02 10:30:00,11.33,11.43,11.13,11.23,1175
2024-01-02 10:45:00,11.23,11.37,11.13,11.27,1134
2024-01-02 11:00:00,11.27,11.47,11.21,11.4,2265
2024-01-02 11:15:00,11.4,11.68,11.29,11.56,1669
2024-01-02 11:30:00,11.56,11.78,11.48,11.69,1762
2024-01-02 11:45:00,11.69,11.8,11.32,11.42,2495
2024-01-02 12:00:00,11.42,11.53,11.26,11.37,981
2024-01-02 12:15:00,11.37,11.74,11.28,11.65,2643
2024-01-02 12:30:00,11.65,11.83,11.28,11.46,2153
2024-01-02 12:45:00,11.46,11.6,11.44,11.59,2350
2024-01-02 13:00:00,11.59,11.95,11.38,11.74,2466
2024-01-02 13:15:00,11.74,12.02,11.59,11.87,1752
2024-01-02 13:30:00,11.87,12.3,11.87,12.3,2080
2024-01-02 13:45:00,12.3,12.69,11.9,12.29,593
2024-01-02 14:00:00,12.29,12.46,12.11,12.28,991
2024-01-02 14:15:00,12.28,12.32,12.2,12.23,1550
2024-01-02 14:30:00,12.23,12.42,12.12,12.3,858
2024-01-02 14:45:00,12.3,12.46,12.0,12.16,2451
2024-01-02 15:00:00,12.16,12.34,12.03,12.22,2060
2024-01-02 15:15:00,12.22,12.34,12.04,12.17,1694
2024-01-02 15:30:00,12.17,12.42,12.05,12.31,1782
2024-01-02 15:45:00,12.31,12.37,12.09,12.15,1483
2024-01-02 16:00:00,12.15,12.32,12.1,12.28,1753
2024-01-02 16:15:00,12.28,12.32,12.25,12.29,931
2024-01-02 16:30:00,12.29,12.45,11.86,12.02,2353
2024-01-02 16:45:00,12.02,12.31,11.8,12.09,1666
2024-01-02 17:00:00,12.09,12.12,11.79,11.82,2118
2024-01-02 17:15:00,11.82,12.33,11.77,12.28,3574
2024-01-02 17:30:00,12.28,12.64,11.72,12.08,2720
2024-01-02 17:45:00,12.08,13.03,11.95,12.9,4295
2024-01-02 18:00:00,12.9,12.99,12.73,12.81,821
2024-01-02 18:15:00,12.81,13.73,12.73,13.65,5497
2024-01-02 18:30:00,13.65,13.7,13.54,13.59,1329
2024-01-02 18:45:00,13.59,14.12,13.25,13.77,2580
2024-01-02 19:00:00,13.77,13.88,13.66,13.77,811
2024-01-02 19:15:00,13.77,14.28,13.34,13.85,1154
2024-01-02 19:30:00,13.85,13.95,13.04,13.14,2817
2024-01-02 19:45:00,13.14,13.18,12.97,13.01,1272
2024-01-02 20:00:00,13.01,13.12,12.55,12.67,1857
2024-01-02 20:15:00,12.67,12.73,12.62,12.68,953
2024-01-02 20:30:00,12.68,12.72,12.55,12.59,2408
2024-01-02 20:45:00,12.59,12.7,12.01,12.12,4641
2024-01-02 21:00:00,12.12,12.21,12.11,12.19,1805
2024-01-02 21:15:00,12.19,12.63,11.91,12.34,2424
2024-01-02 21:30:00,12.34,12.54,12.28,12.47,2576
2024-01-02 21:45:00,12.47,12.54,12.34,12.41,799
2024-01-02 22:00:00,12.41,12.91,12.4,12.9,3909
2024-01-02 22:15:00,12.9,13.08,12.77,12.95,1208
2024-01-02 22:30:00,12.95,12.99,12.47,12.51,3357
2024-01-02 22:45:00,12.51,12.6,12.35,12.44,969
2024-01-02 23:00:00,12.44,12.5,12.24,12.3,2589
2024-01-02 23:15:00,12.3,12.88,12.08,12.66,3304
2024-01-02 23:30:00,12.66,12.78,12.65,12.77,1112
2024-01-02 23:45:00,12.77,12.85,12.49,12.57,1929
2024-01-03 00:00:00,12.57,12.65,12.48,12.56,643
2024-01-03 00:15:00,12.56,12.85,12.34,12.62,835
2024-01-03 00:30:00,12.62,12.84,11.99,12.21,3351
2024-01-03 00:45:00,12.21,12.52,12.11,12.42,1877
2024-01-03 01:00:00,12.42,12.43,12.15,12.16,3604
2024-01-03 01:15:00,12.16,12.36,12.06,12.26,906
2024-01-03 01:30:00,12.26,12.44,12.03,12.2,2150
2024-01-03 01:45:00,12.2,12.34,11.94,12.08,2062
2024-01-03 02:00:00,12.08,12.22,11.84,11.98,2443
2024-01-03 02:15:00,11.98,12.24,11.93,12.2,3718
2024-01-03 02:30:00,12.2,12.22,11.89,11.91,2756
2024-01-03 02:45:00,11.91,11.94,11.51,11.53,4738
2024-01-03 03:00:00,11.53,11.96,11.01,11.44,1033
2024-01-03 03:15:00,11.44,11.57,11.19,11.32,1354
2024-01-03 03:30:00,11.32,11.35,10.81,10.83,6202
2024-01-03 03:45:00,10.83,11.02,10.57,10.76,1002
2024-01-03 04:00:00,10.76,10.92,10.37,10.53,3440
2024-01-03 04:15:00,10.53,10.74,10.32,10.53,1453
2024-01-03 04:30:00,10.53,10.87,10.44,10.77,2555
2024-01-03 04:45:00,10.77,11.01,10.28,10.52,3249
2024-01-03 05:00:00,10.52,10.7,10.42,10.6,2411
2024-01-03 05:15:00,10.6,11.08,10.43,10.9,1957
2024-01-03 05:30:00,10.9,10.92,10.82,10.84,2129
2024-01-03 05:45:00,10.84,10.84,10.42,10.43,2239
2024-01-03 06:00:00,10.43,10.57,10.34,10.48,1880
2024-01-03 06:15:00,10.48,11.01,10.33,10.87,2592
2024-01-03 06:30:00,10.87,11.24,10.79,11.16,2383
2024-01-03 06:45:00,11.16,11.67,11.14,11.64,2440
2024-01-03 07:00:00,11.64,11.72,11.46,11.54,1211
2024-01-03 07:15:00,11.54,11.63,11.14,11.22,4303
2024-01-03 07:30:00,11.22,11.53,10.98,11.29,1782
2024-01-03 07:45:00,11.29,11.49,11.19,11.39,1714
2024-01-03 08:00:00,11.39,11.45,11.38,11.44,2036
2024-01-03 08:15:00,11.44,11.74,11.11,11.41,688
2024-01-03 08:30:00,11.41,11.44,11.22,11.25,2686
2024-01-03 08:45:00,11.25,11.48,11.21,11.45,2362
2024-01-03 09:00:00,11.45,11.47,11.41,11.43,1340
2024-01-03 09:15:00,11.43,11.67,11.22,11.46,831
2024-01-03 09:30:00,11.46,11.69,10.96,11.19,2561
2024-01-03 09:45:00,11.19,11.91,10.95,11.67,3696
2024-01-03 10:00:00,11.67,11.77,11.65,11.75,2302
2024-01-03 10:15:00,11.75,11.81,11.4,11.46,4039
2024-01-03 10:30:00,11.46,11.47,11.08,11.09,2851
2024-01-03 10:45:00,11.09,11.14,10.96,11.01,1742
2024-01-03 11:00:00,11.01,11.24,10.7,10.93,1371
2024-01-03 11:15:00,10.93,11.48,10.91,11.45,5359
2024-01-03 11:30:00,11.45,11.61,11.36,11.52,1467
2024-01-03 11:45:00,11.52,11.61,10.99,11.09,2950
2024-01-03 12:00:00,11.09,11.24,10.96,11.11,1400
2024-01-03 12:15:00,11.11,11.4,10.99,11.28,3419
2024-01-03 12:30:00,11.28,11.43,11.22,11.37,1004
2024-01-03 12:45:00,11.37,11.56,11.09,11.28,1836
2024-01-03 13:00:00,11.28,11.52,11.18,11.41,2338
2024-01-03 13:15:00,11.41,11.55,10.81,10.94,4146
2024-01-03 13:30:00,10.94,11.1,10.87,11.03,1400
2024-01-03 13:45:00,11.03,11.47,10.94,11.38,3493
2024-01-03 14:00:00,11.38,12.01,11.36,11.99,4831
2024-01-03 14:15:00,11.99,12.16,11.63,11.8,1836
2024-01-03 14:30:00,11.8,12.25,11.66,12.11,3557
2024-01-03 14:45:00,12.11,12.93,11.8,12.61,6290
2024-01-03 15:00:00,12.61,12.83,11.92,12.13,3386
2024-01-03 15:15:00,12.13,12.16,11.74,11.77,3591
2024-01-03 15:30:00,11.77,11.8,11.38,11.41,4460
2024-01-03 15:45:00,11.41,11.52,11.16,11.27,2722
2024-01-03 16:00:00,11.27,11.46,11.21,11.4,1019
2024-01-03 16:15:00,11.4,11.42,11.07,11.1,2554
2024-01-03 16:30:00,11.1,11.31,11.02,11.23,1904
2024-01-03 16:45:00,11.23,11.27,11.03,11.07,1377
2024-01-03 17:00:00,11.07,11.16,10.7,10.78,4345
2024-01-03 17:15:00,10.78,11.16,10.71,11.09,2556
2024-01-03 17:30:00,11.09,11.39,10.87,11.17,829
2024-01-03 17:45:00,11.17,11.18,11.08,11.1,1880
2024-01-03 18:00:00,11.1,11.54,10.74,11.18,2042
2024-01-03 18:15:00,11.18,11.32,10.72,10.85,3061
2024-01-03 18:30:00,10.85,11.04,10.65,10.83,690
2024-01-03 18:45:00,10.83,11.16,10.76,11.09,3665
2024-01-03 19:00:00,11.09,11.1,10.64,10.65,3585
2024-01-03 19:15:00,10.65,10.71,10.47,10.52,1194
2024-01-03 19:30:00,10.52,10.61,10.38,10.47,1510
2024-01-03 19:45:00,10.47,10.73,10.3,10.56,1105
2024-01-03 20:00:00,10.56,10.62,9.91,9.97,6114
2024-01-03 20:15:00,9.97,9.98,9.93,9.93,1248
2024-01-03 20:30:00,9.93,9.94,9.56,9.57,2852
2024-01-03 20:45:00,9.57,9.58,9.19,9.2,2677
2024-01-03 21:00:00,9.2,9.39,9.12,9.31,2525
2024-01-03 21:15:00,9.31,9.31,9.02,9.02,2163
2024-01-03 21:30:00,9.02,9.13,8.85,8.96,2190
2024-01-03 21:45:00,8.96,9.1,8.95,9.09,2997
2024-01-03 22:00:00,9.09,9.13,9.08,9.11,1196
2024-01-03 22:15:00,9.11,9.2,8.98,9.07,1978
2024-01-03 22:30:00,9.07,9.14,8.93,9.01,2231
2024-01-03 22:45:00,9.01,9.15,8.84,8.98,1579
2024-01-03 23:00:00,8.98,9.09,8.66,8.77,2132
2024-01-03 23:15:00,8.77,9.12,8.63,8.98,2796
2024-01-03 23:30:00,8.98,8.99,8.72,8.73,4676
2024-01-03 23:45:00,8.73,9.22,8.55,9.04,3327
2024-01-04 00:00:00,9.04,9.17,8.72,8.85,1456
2024-01-04 00:15:00,8.85,9.14,8.7,8.99,1364
2024-01-04 00:30:00,8.99,9.18,8.93,9.12,3008
2024-01-04 00:45:00,9.12,9.19,9.08,9.15,1055
2024-01-04 01:00:00,9.15,9.35,8.94,9.14,1000
2024-01-04 01:15:00,9.14,9.37,9.04,9.27,2217
2024-01-04 01:30:00,9.27,9.61,9.17,9.52,3998
2024-01-04 01:45:00,9.52,9.98,9.28,9.74,3517
2024-01-04 02:00:00,9.74,9.76,9.41,9.43,3436
2024-01-04 02:15:00,9.43,9.53,9.22,9.32,2383
2024-01-04 02:30:00,9.32,9.42,9.09,9.18,3031
2024-01-04 02:45:00,9.18,9.22,9.12,9.15,1025
2024-01-04 03:00:00,9.15,9.28,9.02,9.14,673
2024-01-04 03:15:00,9.14,9.46,8.79,9.1,1425
2024-01-04 03:30:00,9.1,9.21,9.03,9.14,1373
2024-01-04 03:45:00,9.14,9.4,9.12,9.37,3231
2024-01-04 04:00:00,9.37,9.48,9.0,9.11,4505
2024-01-04 04:15:00,9.11,9.44,9.0,9.33,1950
2024-01-04 04:30:00,9.33,9.57,9.14,9.39,1732
2024-01-04 04:45:00,9.39,9.62,9.32,9.56,1757
2024-01-04 05:00:00,9.56,9.77,9.53,9.74,1857
2024-01-04 05:15:00,9.74,9.99,9.7,9.95,3153
2024-01-04 05:30:00,9.95,10.14,9.92,10.12,3434
2024-01-04 05:45:00,10.12,10.19,10.06,10.13,1443
2024-01-04 06:00:00,10.13,10.13,9.78,9.78,3245
2024-01-04 06:15:00,9.78,10.02,9.77,10.0,4088
2024-01-04 06:30:00,10.0,10.19,9.97,10.16,2067
2024-01-04 06:45:00,10.16,10.53,9.94,10.31,3112
2024-01-04 07:00:00,10.31,10.58,10.15,10.42,1735
2024-01-04 07:15:00,10.42,10.7,10.4,10.68,4494
2024-01-04 07:30:00,10.68,10.83,10.62,10.77,2474
2024-01-04 07:45:00,10.77,10.98,10.73,10.93,2440
2024-01-04 08:00:00,10.93,11.19,10.78,11.04,2294
2024-01-04 08:15:00,11.04,11.44,10.89,11.3,1792
2024-01-04 08:30:00,11.3,11.7,11.22,11.63,3042
2024-01-04 08:45:00,11.63,11.79,11.17,11.33,3320
2024-01-04 09:00:00,11.33,11.95,11.07,11.68,5444
2024-01-04 09:15:00,11.68,11.89,11.42,11.62,1523
2024-01-04 09:30:00,11.62,11.93,11.45,11.76,1249
2024-01-04 09:45:00,11.76,11.91,11.61,11.75,1513
2024-01-04 10:00:00,11.75,11.79,11.6,11.64,1372
2024-01-04 10:15:00,11.64,11.74,11.54,11.64,1442
2024-01-04 10:30:00,11.64,11.73,11.56,11.66,1233
2024-01-04 10:45:00,11.66,12.06,11.52,11.92,3531
2024-01-04 11:00:00,11.92,12.01,11.82,11.92,1188
2024-01-04 11:15:00,11.92,12.01,11.45,11.55,5368
2024-01-04 11:30:00,11.55,12.19,11.19,11.84,2013
2024-01-04 11:45:00,11.84,11.88,11.83,11.87,1023
2024-01-04 12:00:00,11.87,11.95,11.84,11.92,657
2024-01-04 12:15:00,11.92,11.97,11.8,11.86,986
2024-01-04 12:30:00,11.86,11.94,11.69,11.77,2149
2024-01-04 12:45:00,11.77,12.34,11.75,12.31,4186
2024-01-04 13:00:00,12.31,12.59,12.27,12.55,3436
2024-01-04 13:15:00,12.55,12.81,12.33,12.59,1510
2024-01-04 13:30:00,12.59,12.65,11.92,11.98,6836
2024-01-04 13:45:00,11.98,12.02,11.64,11.68,1966
2024-01-04 14:00:00,11.68,12.06,11.67,12.06,3570
2024-01-04 14:15:00,12.06,12.48,11.79,12.21,1273
2024-01-04 14:30:00,12.21,12.49,11.39,11.68,3842
2024-01-04 14:45:00,11.68,11.71,11.59,11.63,1228
2024-01-04 15:00:00,11.63,11.87,11.61,11.85,1483
2024-01-04 15:15:00,11.85,11.95,11.74,11.84,1552
2024-01-04 15:30:00,11.84,11.91,11.66,11.73,1271
2024-01-04 15:45:00,11.73,11.89,11.59,11.76,1068
2024-01-04 16:00:00,11.76,12.01,11.69,11.94,3014
2024-01-04 16:15:00,11.94,12.38,11.82,12.26,3844
2024-01-04 16:30:00,12.26,12.56,12.19,12.49,1391
2024-01-04 16:45:00,12.49,12.73,12.37,12.61,925
2024-01-04 17:00:00,12.61,13.16,12.48,13.03,3843
2024-01-04 17:15:00,13.03,13.05,12.85,12.86,3009
2024-01-04 17:30:00,12.86,13.43,12.76,13.33,3341
2024-01-04 17:45:00,13.33,13.4,13.01,13.08,2131
2024-01-04 18:00:00,13.08,13.23,13.01,13.16,1496
2024-01-04 18:15:00,13.16,13.31,12.86,13.01,1234
2024-01-04 18:30:00,13.01,13.04,12.81,12.85,2788
2024-01-04 18:45:00,12.85,12.86,12.64,12.65,2314
2024-01-04 19:00:00,12.65,12.77,12.6,12.72,1149
2024-01-04 19:15:00,12.72,13.34,12.6,13.22,2752
2024-01-04 19:30:00,13.22,13.31,12.96,13.04,2168
2024-01-04 19:45:00,13.04,13.35,12.92,13.23,1506
2024-01-04 20:00:00,13.23,13.65,13.23,13.65,3093
2024-01-04 20:15:00,13.65,13.73,13.42,13.5,1171
2024-01-04 20:30:00,13.5,13.69,13.45,13.64,2410
2024-01-04 20:45:00,13.64,13.68,12.98,13.03,4549
2024-01-04 21:00:00,13.03,13.69,12.93,13.59,3037
2024-01-04 21:15:00,13.59,14.17,13.23,13.8,1444
2024-01-04 21:30:00,13.8,14.79,13.3,14.28,2695
2024-01-04 21:45:00,14.28,14.45,14.22,14.38,1941
2024-01-04 22:00:00,14.38,14.59,13.67,13.88,3634
2024-01-04 22:15:00,13.88,14.65,13.62,14.39,3280
2024-01-04 22:30:00,14.39,14.91,14.28,14.8,3608
2024-01-04 22:45:00,14.8,15.04,14.18,14.42,2164
2024-01-04 23:00:00,14.42,14.97,14.38,14.93,4026
2024-01-04 23:15:00,14.93,15.09,14.32,14.47,3432
2024-01-04 23:30:00,14.47,14.51,13.99,14.02,3543
2024-01-04 23:45:00,14.02,14.73,13.95,14.65,7293
2024-01-05 00:00:00,14.65,15.35,14.31,15.01,2141
2024-01-05 00:15:00,15.01,15.28,14.82,15.09,1149
2024-01-05 00:30:00,15.09,15.45,15.03,15.39,2016
2024-01-05 00:45:00,15.39,15.46,15.32,15.39,567
2024-01-05 01:00:00,15.39,15.5,15.03,15.14,2749
2024-01-05 01:15:00,15.14,15.2,14.92,14.99,2352
2024-01-05 01:30:00,14.99,15.11,14.44,14.55,2418
2024-01-05 01:45:00,14.55,14.7,14.02,14.17,3699
2024-01-05 02:00:00,14.17,14.61,14.16,14.61,4562
2024-01-05 02:15:00,14.61,14.69,14.52,14.61,767
2024-01-05 02:30:00,14.61,14.82,14.0,14.21,2755
2024-01-05 02:45:00,14.21,14.76,14.07,14.62,4814
2024-01-05 03:00:00,14.62,14.65,14.16,14.19,3178
2024-01-05 03:15:00,14.19,14.3,14.15,14.27,2014
2024-01-05 03:30:00,14.27,14.87,14.11,14.72,5492
2024-01-05 03:45:00,14.72,14.74,14.42,14.44,2078
2024-01-05 04:00:00,14.44,14.9,14.35,14.81,2753
2024-01-05 04:15:00,14.81,15.02,14.29,14.5,3104
2024-01-05 04:30:00,14.5,14.72,14.38,14.61,1767
2024-01-05 04:45:00,14.61,14.88,14.52,14.79,1530
2024-01-05 05:00:00,14.79,15.69,14.6,15.5,7353
2024-01-05 05:15:00,15.5,15.97,15.38,15.86,2273
2024-01-05 05:30:00,15.86,16.05,15.56,15.75,1006
2024-01-05 05:45:00,15.75,15.85,15.16,15.26,4611
2024-01-05 06:00:00,15.26,15.29,14.95,14.97,3062
2024-01-05 06:15:00,14.97,15.11,14.63,14.77,1389
2024-01-05 06:30:00,14.77,14.81,14.55,14.59,1943
2024-01-05 06:45:00,14.59,15.3,14.32,15.04,2596
2024-01-05 07:00:00,15.04,15.14,14.97,15.06,1666
2024-01-05 07:15:00,15.06,15.12,14.94,14.99,836
2024-01-05 07:30:00,14.99,15.08,14.94,15.03,1567
2024-01-05 07:45:00,15.03,15.38,14.87,15.22,1142
2024-01-05 08:00:00,15.22,15.32,15.02,15.12,2352
2024-01-05 08:15:00,15.12,15.38,15.11,15.38,3076
2024-01-05 08:30:00,15.38,15.86,15.22,15.71,4234
2024-01-05 08:45:00,15.71,16.28,15.5,16.07,3994
2024-01-05 09:00:00,16.07,17.1,15.74,16.77,3879
2024-01-05 09:15:00,16.77,16.96,16.72,16.92,1488
2024-01-05 09:30:00,16.92,17.1,16.17,16.35,2534
2024-01-05 09:45:00,16.35,16.75,16.05,16.44,1589
2024-01-05 10:00:00,16.44,16.5,15.97,16.03,1600
2024-01-05 10:15:00,16.03,16.07,15.53,15.58,4535
2024-01-05 10:30:00,15.58,15.82,15.04,15.28,2277
2024-01-05 10:45:00,15.28,15.29,14.99,14.99,3928
2024-01-05 11:00:00,14.99,15.31,14.97,15.28,2212
2024-01-05 11:15:00,15.28,15.38,14.85,14.94,4356
2024-01-05 11:30:00,14.94,15.38,14.88,15.31,4170
2024-01-05 11:45:00,15.31,15.33,15.24,15.26,1732
2024-01-05 12:00:00,15.26,15.85,15.19,15.77,5588
2024-01-05 12:15:00,15.77,16.07,15.47,15.77,904
2024-01-05 12:30:00,15.77,16.3,15.45,15.98,1242
2024-01-05 12:45:00,15.98,16.13,15.66,15.81,1821
2024-01-05 13:00:00,15.81,16.54,15.57,16.29,1869
2024-01-05 13:15:00,16.29,16.66,16.08,16.45,2760
2024-01-05 13:30:00,16.45,16.77,16.05,16.37,1136
2024-01-05 13:45:00,16.37,16.52,15.87,16.02,2371
2024-01-05 14:00:00,16.02,16.14,15.75,15.88,893
2024-01-05 14:15:00,15.88,16.76,15.53,16.41,4224
2024-01-05 14:30:00,16.41,16.63,16.4,16.62,2168
2024-01-05 14:45:00,16.62,16.84,16.54,16.76,2298
2024-01-05 15:00:00,16.76,16.87,16.01,16.11,6073
2024-01-05 15:15:00,16.11,16.5,16.01,16.4,2991
2024-01-05 15:30:00,16.4,16.77,16.34,16.71,2697
2024-01-05 15:45:00,16.71,17.54,16.35,17.18,4498
2024-01-05 16:00:00,17.18,17.37,16.9,17.09,2113
2024-01-05 16:15:00,17.09,17.09,16.94,16.94,949
2024-01-05 16:30:00,16.94,17.17,16.9,17.14,2217
2024-01-05 16:45:00,17.14,17.36,16.89,17.11,870
2024-01-05 17:00:00,17.11,17.44,16.1,16.42,3701
2024-01-05 17:15:00,16.42,16.65,16.11,16.33,1237
2024-01-05 17:30:00,16.33,16.49,15.96,16.12,3153
2024-01-05 17:45:00,16.12,17.12,15.85,16.85,6338
2024-01-05 18:00:00,16.85,17.29,16.83,17.27,2217
2024-01-05 18:15:00,17.27,17.77,17.15,17.65,1964
2024-01-05 18:30:00,17.65,17.84,17.24,17.43,2473
2024-01-05 18:45:00,17.43,17.69,17.27,17.53,1445
2024-01-05 19:00:00,17.53,17.65,17.25,17.37,1718
2024-01-05 19:15:00,17.37,17.8,17.3,17.74,3823
2024-01-05 19:30:00,17.74,17.86,17.4,17.53,1947
2024-01-05 19:45:00,17.53,17.7,16.83,17.0,4940
2024-01-05 20:00:00,17.0,17.22,16.49,16.7,2985
2024-01-05 20:15:00,16.7,16.81,16.43,16.54,1657
2024-01-05 20:30:00,16.54,16.93,16.36,16.75,2548
2024-01-05 20:45:00,16.75,17.07,16.41,16.73,941
2024-01-05 21:00:00,16.73,17.37,16.42,17.06,3663
2024-01-05 21:15:00,17.06,17.4,16.91,17.25,2604
2024-01-05 21:30:00,17.25,17.45,16.95,17.15,1293
2024-01-05 21:45:00,17.15,18.05,16.87,17.78,3713
2024-01-05 22:00:00,17.78,18.12,17.75,18.09,2994
2024-01-05 22:15:00,18.09,18.15,17.69,17.76,1910
2024-01-05 22:30:00,17.76,17.89,17.54,17.67,825
2024-01-05 22:45:00,17.67,17.73,17.27,17.33,3599
2024-01-05 23:00:00,17.33,17.84,17.03,17.53,1145
2024-01-05 23:15:00,17.53,17.83,16.82,17.13,1611
2024-01-05 23:30:00,17.13,18.02,17.02,17.91,2659
2024-01-05 23:45:00,17.91,17.94,17.61,17.64,1418
2024-01-06 00:00:00,17.64,18.25,17.5,18.11,2446
2024-01-06 00:15:00,18.11,18.21,17.69,17.8,1757
2024-01-06 00:30:00,17.8,18.01,17.79,18.0,2748
2024-01-06 00:45:00,18.0,18.24,17.95,18.19,2627
2024-01-06 01:00:00,18.19,18.64,18.05,18.49,3468
2024-01-06 01:15:00,18.49,18.52,18.06,18.08,3437
2024-01-06 01:30:00,18.08,18.3,17.69,17.9,1131
2024-01-06 01:45:00,17.9,17.95,17.69,17.73,1383
2024-01-06 02:00:00,17.73,17.76,17.5,17.53,2152
2024-01-06 02:15:00,17.53,17.75,16.89,17.12,1739
2024-01-06 02:30:00,17.12,17.76,17.02,17.66,2104
2024-01-06 02:45:00,17.66,18.23,17.49,18.06,3841
2024-01-06 03:00:00,18.06,18.29,17.94,18.17,993
2024-01-06 03:15:00,18.17,18.41,17.62,17.87,2007
2024-01-06 03:30:00,17.87,17.93,17.24,17.3,4576
2024-01-06 03:45:00,17.3,17.64,15.82,16.16,9698
2024-01-06 04:00:00,16.16,17.04,16.09,16.97,7597
2024-01-06 04:15:00,16.97,16.98,16.9,16.9,1313
2024-01-06 04:30:00,16.9,17.2,16.75,17.04,1176
2024-01-06 04:45:00,17.04,17.38,16.87,17.21,2782
2024-01-06 05:00:00,17.21,17.91,17.0,17.7,2908
2024-01-06 05:15:00,17.7,18.11,17.09,17.5,1234
2024-01-06 05:30:00,17.5,17.5,17.21,17.22,1372
2024-01-06 05:45:00,17.22,18.18,17.19,18.15,4961
2024-01-06 06:00:00,18.15,18.33,18.14,18.32,1163
2024-01-06 06:15:00,18.32,18.46,18.03,18.17,1066
2024-01-06 06:30:00,18.17,18.17,18.02,18.03,1550
2024-01-06 06:45:00,18.03,18.03,17.37,17.38,2883
2024-01-06 07:00:00,17.38,18.34,17.05,18.01,5494
2024-01-06 07:15:00,18.01,18.21,17.88,18.07,1455
2024-01-06 07:30:00,18.07,18.08,17.51,17.51,4920
2024-01-06 07:45:00,17.51,18.88,17.0,18.37,4931
2024-01-06 08:00:00,18.37,18.72,18.23,18.58,2394
2024-01-06 08:15:00,18.58,19.01,18.56,19.0,3098
2024-01-06 08:30:00,19.0,19.13,18.62,18.75,2537
2024-01-06 08:45:00,18.75,19.09,17.95,18.28,3822
2024-01-06 09:00:00,18.28,18.47,17.78,17.97,3373
2024-01-06 09:15:00,17.97,18.28,17.33,17.64,2580
2024-01-06 09:30:00,17.64,17.73,17.31,17.4,2349
2024-01-06 09:45:00,17.4,17.48,16.66,16.73,3827
2024-01-06 10:00:00,16.73,16.77,16.41,16.45,1438
2024-01-06 10:15:00,16.45,16.76,15.98,16.3,2173
2024-01-06 10:30:00,16.3,16.61,16.23,16.55,1682
2024-01-06 10:45:00,16.55,17.05,16.19,16.69,1505
2024-01-06 11:00:00,16.69,16.91,16.51,16.73,1006
2024-01-06 11:15:00,16.73,16.84,16.42,16.53,2218
2024-01-06 11:30:00,16.53,16.54,16.43,16.43,1909
2024-01-06 11:45:00,16.43,16.54,16.11,16.21,2965
2024-01-06 12:00:00,16.21,16.63,15.65,16.07,1792
2024-01-06 12:15:00,16.07,16.27,15.13,15.33,4019
2024-01-06 12:30:00,15.33,15.44,15.17,15.28,875
2024-01-06 12:45:00,15.28,15.45,14.86,15.03,3421
2024-01-06 13:00:00,15.03,15.16,14.72,14.85,1165
2024-01-06 13:15:00,14.85,15.13,14.85,15.13,3556
2024-01-06 13:30:00,15.13,15.31,14.81,15.0,881
2024-01-06 13:45:00,15.0,15.31,14.76,15.08,1620
2024-01-06 14:00:00,15.08,15.13,14.16,14.22,7516
2024-01-06 14:15:00,14.22,15.06,14.01,14.85,4959
2024-01-06 14:30:00,14.85,15.3,14.69,15.13,2448
2024-01-06 14:45:00,15.13,15.45,14.71,15.03,1469
2024-01-06 15:00:00,15.03,15.11,15.02,15.1,801
2024-01-06 15:15:00,15.1,15.6,15.01,15.51,1685
2024-01-06 15:30:00,15.51,15.62,14.73,14.83,4803
2024-01-06 15:45:00,14.83,15.03,14.76,14.95,1898
2024-01-06 16:00:00,14.95,15.24,14.78,15.07,1167
2024-01-06 16:15:00,15.07,15.09,14.7,14.73,4179
2024-01-06 16:30:00,14.73,15.14,14.51,14.93,1775
2024-01-06 16:45:00,14.93,15.06,14.65,14.79,1500
2024-01-06 17:00:00,14.79,14.83,14.57,14.62,2854
2024-01-06 17:15:00,14.62,15.14,14.51,15.04,4579
2024-01-06 17:30:00,15.04,15.24,14.15,14.35,6538
2024-01-06 17:45:00,14.35,14.71,14.16,14.52,1641
2024-01-06 18:00:00,14.52,14.79,14.06,14.33,2773
2024-01-06 18:15:00,14.33,14.58,14.17,14.42,2063
2024-01-06 18:30:00,14.42,14.46,14.37,14.41,1070
2024-01-06 18:45:00,14.41,14.54,13.74,13.87,4405
2024-01-06 19:00:00,13.87,13.96,13.52,13.62,2782
2024-01-06 19:15:00,13.62,14.2,13.3,13.87,3864
2024-01-06 19:30:00,13.87,14.04,13.38,13.55,2731
2024-01-06 19:45:00,13.55,13.92,13.41,13.78,2933
2024-01-06 20:00:00,13.78,13.89,13.56,13.67,2225
2024-01-06 20:15:00,13.67,13.89,13.65,13.87,3145
2024-01-06 20:30:00,13.87,14.37,13.69,14.19,2713
2024-01-06 20:45:00,14.19,14.29,13.63,13.72,2881
2024-01-06 21:00:00,13.72,13.95,13.66,13.89,2426
2024-01-06 21:15:00,13.89,13.99,13.73,13.82,1897
2024-01-06 21:30:00,13.82,14.22,13.77,14.17,3194
2024-01-06 21:45:00,14.17,14.2,14.13,14.16,682
2024-01-06 22:00:00,14.16,14.48,14.07,14.39,2362
2024-01-06 22:15:00,14.39,14.7,14.06,14.36,1400
2024-01-06 22:30:00,14.36,14.54,14.27,14.45,2233
2024-01-06 22:45:00,14.45,14.77,14.05,14.37,993
2024-01-06 23:00:00,14.37,14.75,14.14,14.52,2807
2024-01-06 23:15:00,14.52,14.54,14.33,14.34,1859
2024-01-06 23:30:00,14.34,14.56,14.31,14.53,2024
2024-01-06 23:45:00,14.53,14.84,14.24,14.55,1615
2024-01-07 00:00:00,14.55,15.42,14.29,15.15,3515
2024-01-07 00:15:00,15.15,15.43,14.59,14.87,1479
2024-01-07 00:30:00,14.87,15.05,14.72,14.9,997
2024-01-07 00:45:00,14.9,15.81,14.63,15.55,2932
2024-01-07 01:00:00,15.55,16.05,15.5,16.0,3351
2024-01-07 01:15:00,16.0,16.08,15.59,15.68,2690
2024-01-07 01:30:00,15.68,16.31,15.42,16.06,3605
2024-01-07 01:45:00,16.06,17.25,15.91,17.1,9038
2024-01-07 02:00:00,17.1,17.22,16.83,16.94,1288
2024-01-07 02:15:00,16.94,17.03,16.37,16.45,2228
2024-01-07 02:30:00,16.45,16.52,15.96,16.03,4139
2024-01-07 02:45:00,16.03,16.6,15.88,16.46,2101
2024-01-07 03:00:00,16.46,16.59,15.72,15.84,3007
2024-01-07 03:15:00,15.84,16.37,15.37,15.9,1906
2024-01-07 03:30:00,15.9,16.18,15.77,16.06,1513
2024-01-07 03:45:00,16.06,16.23,15.67,15.84,2470
2024-01-07 04:00:00,15.84,15.93,15.81,15.9,687
2024-01-07 04:15:00,15.9,16.0,15.6,15.7,1389
2024-01-07 04:30:00,15.7,16.05,15.55,15.89,1745
2024-01-07 04:45:00,15.89,16.14,15.63,15.88,1367
2024-01-07 05:00:00,15.88,15.95,15.85,15.92,1658
2024-01-07 05:15:00,15.92,15.94,15.29,15.32,5578
2024-01-07 05:30:00,15.32,15.88,14.86,15.42,1103
2024-01-07 05:45:00,15.42,15.79,15.25,15.62,1254
2024-01-07 06:00:00,15.62,16.47,15.4,16.25,3724
2024-01-07 06:15:00,16.25,16.35,16.23,16.33,903
2024-01-07 06:30:00,16.33,16.41,15.83,15.91,4142
2024-01-07 06:45:00,15.91,16.13,15.32,15.54,1543
2024-01-07 07:00:00,15.54,16.04,15.23,15.73,2106
2024-01-07 07:15:00,15.73,15.91,15.54,15.72,969
2024-01-07 07:30:00,15.72,16.59,15.52,16.39,6078
2024-01-07 07:45:00,16.39,16.6,15.91,16.13,3363
2024-01-07 08:00:00,16.13,16.64,16.11,16.62,1983
2024-01-07 08:15:00,16.62,16.7,16.35,16.44,2123
2024-01-07 08:30:00,16.44,16.65,16.12,16.34,1898
2024-01-07 08:45:00,16.34,16.63,16.27,16.56,3007
2024-01-07 09:00:00,16.56,16.76,16.32,16.52,982
2024-01-07 09:15:00,16.52,16.67,15.81,15.97,5103
2024-01-07 09:30:00,15.97,16.02,15.7,15.75,2750
2024-01-07 09:45:00,15.75,15.87,15.47,15.59,2284
2024-01-07 10:00:00,15.59,15.92,15.41,15.74,2218
2024-01-07 10:15:00,15.74,15.88,15.2,15.35,3457
2024-01-07 10:30:00,15.35,15.57,15.27,15.5,1851
2024-01-07 10:45:00,15.5,15.58,15.22,15.3,2117
2024-01-07 11:00:00,15.3,15.38,14.86,14.94,2212
2024-01-07 11:15:00,14.94,15.4,14.66,15.12,1812
2024-01-07 11:30:00,15.12,15.14,14.77,14.79,1953
2024-01-07 11:45:00,14.79,14.85,14.28,14.34,2423
2024-01-07 12:00:00,14.34,14.58,14.11,14.36,1539
2024-01-07 12:15:00,14.36,14.61,14.19,14.44,1494
2024-01-07 12:30:00,14.44,14.63,13.56,13.75,2766
2024-01-07 12:45:00,13.75,13.91,13.39,13.56,1388
2024-01-07 13:00:00,13.56,13.8,12.81,13.06,3779
2024-01-07 13:15:00,13.06,13.18,12.79,12.92,1448
2024-01-07 13:30:00,12.92,13.06,12.31,12.45,2331
2024-01-07 13:45:00,12.45,12.6,12.11,12.26,2543
2024-01-07 14:00:00,12.26,12.37,11.78,11.89,2720
2024-01-07 14:15:00,11.89,11.99,11.72,11.83,892
2024-01-07 14:30:00,11.83,11.92,11.29,11.38,5647
2024-01-07 14:45:00,11.38,11.4,11.27,11.29,2385
2024-01-07 15:00:00,11.29,11.3,11.18,11.19,1473
2024-01-07 15:15:00,11.19,11.29,11.03,11.13,1575
2024-01-07 15:30:00,11.13,11.37,11.11,11.35,2598
2024-01-07 15:45:00,11.35,11.73,11.13,11.51,1815
2024-01-07 16:00:00,11.51,11.61,11.28,11.37,2186
2024-01-07 16:15:00,11.37,11.7,11.25,11.58,1877
2024-01-07 16:30:00,11.58,12.22,11.47,12.11,3660
2024-01-07 16:45:00,12.11,12.14,11.84,11.87,2419
2024-01-07 17:00:00,11.87,12.29,11.73,12.16,4277
2024-01-07 17:15:00,12.16,12.17,11.9,11.91,2446
2024-01-07 17:30:00,11.91,12.08,11.39,11.55,3550
2024-01-07 17:45:00,11.55,11.69,11.12,11.25,3484
2024-01-07 18:00:00,11.25,11.28,11.15,11.18,2116
2024-01-07 18:15:00,11.18,11.22,10.92,10.96,2910
2024-01-07 18:30:00,10.96,11.04,10.48,10.55,2410
2024-01-07 18:45:00,10.55,11.15,10.32,10.92,3724
2024-01-07 19:00:00,10.92,11.28,10.75,11.12,3500
2024-01-07 19:15:00,11.12,11.33,11.02,11.23,2395
2024-01-07 19:30:00,11.23,11.39,10.77,10.92,4501
2024-01-07 19:45:00,10.92,11.59,10.88,11.55,3399
2024-01-07 20:00:00,11.55,11.72,11.49,11.66,1684
2024-01-07 20:15:00,11.66,12.02,11.51,11.86,2027
2024-01-07 20:30:00,11.86,12.2,11.86,12.19,3293
2024-01-07 20:45:00,12.19,12.3,11.97,12.07,2210
2024-01-07 21:00:00,12.07,12.11,11.89,11.93,1765
2024-01-07 21:15:00,11.93,12.05,11.57,11.69,1983
2024-01-07 21:30:00,11.69,12.15,11.66,12.12,3124
2024-01-07 21:45:00,12.12,12.85,11.99,12.73,5370
2024-01-07 22:00:00,12.73,13.06,12.22,12.55,1457
2024-01-07 22:15:00,12.55,12.77,12.09,12.31,2008
2024-01-07 22:30:00,12.31,12.63,12.3,12.62,4584
2024-01-07 22:45:00,12.62,12.87,12.55,12.8,2216
2024-01-07 23:00:00,12.8,12.85,12.4,12.45,2669
2024-01-07 23:15:00,12.45,12.6,12.2,12.34,1510
2024-01-07 23:30:00,12.34,12.51,12.07,12.24,1442
2024-01-07 23:45:00,12.24,12.57,12.09,12.42,1464
2024-01-08 00:00:00,12.42,12.6,12.25,12.44,1018
2024-01-08 00:15:00,12.44,12.62,12.42,12.6,1461
2024-01-08 00:30:00,12.6,12.97,12.07,12.44,3008
2024-01-08 00:45:00,12.44,12.77,12.33,12.66,2341
2024-01-08 01:00:00,12.66,13.06,12.63,13.03,3624
2024-01-08 01:15:00,13.03,13.24,12.92,13.13,1764
2024-01-08 01:30:00,13.13,13.23,12.89,12.99,2634
2024-01-08 01:45:00,12.99,13.13,12.88,13.02,1722
2024-01-08 02:00:00,13.02,13.12,12.67,12.77,2059
2024-01-08 02:15:00,12.77,13.0,12.64,12.88,1299
2024-01-08 02:30:00,12.88,13.0,12.53,12.66,1703
2024-01-08 02:45:00,12.66,12.77,12.65,12.77,1679
2024-01-08 03:00:00,12.77,12.93,12.56,12.72,1565
2024-01-08 03:15:00,12.72,13.08,12.58,12.94,3575
2024-01-08 03:30:00,12.94,13.23,12.9,13.18,1690
2024-01-08 03:45:00,13.18,13.36,12.28,12.46,3549
2024-01-08 04:00:00,12.46,12.5,12.2,12.25,2463
2024-01-08 04:15:00,12.25,12.66,12.12,12.54,2905
2024-01-08 04:30:00,12.54,12.79,12.37,12.62,2088
2024-01-08 04:45:00,12.62,12.76,12.61,12.75,1650
2024-01-08 05:00:00,12.75,13.02,12.71,12.98,2520
2024-01-08 05:15:00,12.98,13.07,12.66,12.76,3112
2024-01-08 05:30:00,12.76,12.79,12.55,12.58,2408
2024-01-08 05:45:00,12.58,12.8,12.52,12.73,2625
2024-01-08 06:00:00,12.73,13.3,12.56,13.13,4603
2024-01-08 06:15:00,13.13,13.14,12.89,12.89,3570
2024-01-08 06:30:00,12.89,13.54,12.58,13.23,3065
2024-01-08 06:45:00,13.23,13.59,13.02,13.38,1799
2024-01-08 07:00:00,13.38,13.53,13.33,13.48,1408
2024-01-08 07:15:00,13.48,13.74,13.12,13.39,1001
2024-01-08 07:30:00,13.39,13.42,13.36,13.39,1338
2024-01-08 07:45:00,13.39,13.56,13.36,13.53,1678
2024-01-08 08:00:00,13.53,13.65,13.35,13.48,1086
2024-01-08 08:15:00,13.48,13.54,12.92,12.98,2516
2024-01-08 08:30:00,12.98,13.04,12.8,12.85,1591
2024-01-08 08:45:00,12.85,13.52,12.7,13.37,4648
2024-01-08 09:00:00,13.37,13.83,12.51,12.97,2397
2024-01-08 09:15:00,12.97,13.12,12.93,13.09,2455
2024-01-08 09:30:00,13.09,13.13,12.83,12.88,1537
2024-01-08 09:45:00,12.88,12.93,12.64,12.7,2075
2024-01-08 10:00:00,12.7,13.35,12.34,12.99,3067
2024-01-08 10:15:00,12.99,13.31,12.98,13.3,2363
2024-01-08 10:30:00,13.3,13.79,13.11,13.6,1984
2024-01-08 10:45:00,13.6,13.75,13.57,13.72,2525
2024-01-08 11:00:00,13.72,14.08,13.17,13.53,1727
2024-01-08 11:15:00,13.53,13.75,13.28,13.5,1478
2024-01-08 11:30:00,13.5,13.58,13.34,13.42,2159
2024-01-08 11:45:00,13.42,13.77,12.9,13.24,1215
2024-01-08 12:00:00,13.24,13.48,13.02,13.26,1219
2024-01-08 12:15:00,13.26,13.57,13.07,13.39,1155
2024-01-08 12:30:00,13.39,13.45,13.0,13.07,1870
2024-01-08 12:45:00,13.07,13.27,12.64,12.85,2203
2024-01-08 13:00:00,12.85,13.15,12.84,13.15,3861
2024-01-08 13:15:00,13.15,14.08,12.67,13.61,2425
2024-01-08 13:30:00,13.61,13.89,13.56,13.84,2822
2024-01-08 13:45:00,13.84,13.91,13.75,13.82,1507
2024-01-08 14:00:00,13.82,14.31,13.69,14.17,1900
2024-01-08 14:15:00,14.17,14.64,14.16,14.63,5163
2024-01-08 14:30:00,14.63,14.75,14.07,14.19,5059
2024-01-08 14:45:00,14.19,14.24,13.97,14.01,1330
2024-01-08 15:00:00,14.01,14.52,14.0,14.51,3547
2024-01-08 15:15:00,14.51,14.74,14.44,14.67,2789
2024-01-08 15:30:00,14.67,15.11,14.65,15.09,2944
2024-01-08 15:45:00,15.09,15.39,15.01,15.31,2843
2024-01-08 16:00:00,15.31,15.41,14.79,14.89,4133
2024-01-08 16:15:00,14.89,14.97,14.49,14.57,3120
2024-01-08 16:30:00,14.57,14.65,14.53,14.62,1006
2024-01-08 16:45:00,14.62,14.81,14.15,14.35,3857
2024-01-08 17:00:00,14.35,14.55,14.23,14.43,1560
2024-01-08 17:15:00,14.43,14.67,14.24,14.48,1844
2024-01-08 17:30:00,14.48,14.53,14.06,14.1,3214
2024-01-08 17:45:00,14.1,14.51,13.82,14.23,2024
2024-01-08 18:00:00,14.23,14.51,13.98,14.26,771
2024-01-08 18:15:00,14.26,14.64,14.21,14.58,2107
2024-01-08 18:30:00,14.58,14.77,14.19,14.38,1908
2024-01-08 18:45:00,14.38,14.54,14.07,14.24,2021
2024-01-08 19:00:00,14.24,14.48,13.83,14.07,1930
2024-01-08 19:15:00,14.07,14.09,13.65,13.67,4632
2024-01-08 19:30:00,13.67,13.91,13.43,13.66,1326
2024-01-08 19:45:00,13.66,13.88,13.58,13.8,1056
2024-01-08 20:00:00,13.8,14.01,13.38,13.59,3321
2024-01-08 20:15:00,13.59,13.62,13.45,13.47,1068
2024-01-08 20:30:00,13.47,13.75,12.89,13.16,1609
2024-01-08 20:45:00,13.16,13.31,13.01,13.16,564
2024-01-08 21:00:00,13.16,13.17,12.97,12.98,3257
2024-01-08 21:15:00,12.98,13.19,12.92,13.13,1257
2024-01-08 21:30:00,13.13,13.4,13.02,13.3,2008
2024-01-08 21:45:00,13.3,13.51,13.22,13.43,2679
2024-01-08 22:00:00,13.43,13.92,13.23,13.72,3706
2024-01-08 22:15:00,13.72,13.76,13.44,13.48,2546
2024-01-08 22:30:00,13.48,13.54,13.14,13.19,3527
2024-01-08 22:45:00,13.19,13.65,12.86,13.33,964
2024-01-08 23:00:00,13.33,13.49,13.25,13.41,1577
2024-01-08 23:15:00,13.41,13.48,13.09,13.17,2173
2024-01-08 23:30:00,13.17,13.24,12.92,13.0,1725
2024-01-08 23:45:00,13.0,13.29,12.81,13.1,1113
2024-01-09 00:00:00,13.1,13.3,13.06,13.26,2971
2024-01-09 00:15:00,13.26,13.31,12.86,12.91,4655
2024-01-09 00:30:00,12.91,12.99,12.87,12.95,1646
2024-01-09 00:45:00,12.95,13.09,12.66,12.8,2565
2024-01-09 01:00:00,12.8,13.25,12.68,13.14,4208
2024-01-09 01:15:00,13.14,13.49,13.11,13.46,4486
2024-01-09 01:30:00,13.46,13.56,13.41,13.51,1125
2024-01-09 01:45:00,13.51,14.21,13.5,14.2,5431
2024-01-09 02:00:00,14.2,14.67,14.11,14.58,4854
2024-01-09 02:15:00,14.58,14.9,14.39,14.72,1730
2024-01-09 02:30:00,14.72,15.14,14.69,15.11,4586
2024-01-09 02:45:00,15.11,15.55,14.9,15.34,2756
2024-01-09 03:00:00,15.34,15.71,15.05,15.42,2178
2024-01-09 03:15:00,15.42,15.67,15.22,15.47,1786
2024-01-09 03:30:00,15.47,15.66,15.3,15.5,1675
2024-01-09 03:45:00,15.5,16.26,15.33,16.09,2910
2024-01-09 04:00:00,16.09,16.74,15.91,16.56,3825
2024-01-09 04:15:00,16.56,16.8,16.25,16.5,1044
2024-01-09 04:30:00,16.5,16.58,15.66,15.74,4721
2024-01-09 04:45:00,15.74,16.31,15.71,16.29,2722
2024-01-09 05:00:00,16.29,16.51,15.94,16.16,981
2024-01-09 05:15:00,16.16,16.32,15.9,16.05,1976
2024-01-09 05:30:00,16.05,16.39,15.88,16.22,1426
2024-01-09 05:45:00,16.22,16.48,16.18,16.44,2409
2024-01-09 06:00:00,16.44,16.8,16.4,16.75,1972
2024-01-09 06:15:00,16.75,17.1,16.03,16.37,2918
2024-01-09 06:30:00,16.37,16.62,15.98,16.24,1924
2024-01-09 06:45:00,16.24,16.37,15.76,15.89,3250
2024-01-09 07:00:00,15.89,15.89,15.88,15.88,842
2024-01-09 07:15:00,15.88,16.72,15.87,16.71,4140
2024-01-09 07:30:00,16.71,16.94,16.47,16.69,1169
2024-01-09 07:45:00,16.69,17.42,16.66,17.39,6449
2024-01-09 08:00:00,17.39,17.51,16.99,17.11,3544
2024-01-09 08:15:00,17.11,17.51,16.92,17.31,2243
2024-01-09 08:30:00,17.31,17.39,17.2,17.27,1171
2024-01-09 08:45:00,17.27,17.28,17.11,17.11,2184
2024-01-09 09:00:00,17.11,17.16,16.25,16.29,5505
2024-01-09 09:15:00,16.29,16.29,15.87,15.87,3605
2024-01-09 09:30:00,15.87,16.88,15.85,16.86,7105
2024-01-09 09:45:00,16.86,17.33,16.3,16.77,2123
2024-01-09 10:00:00,16.77,17.1,16.52,16.85,1362
2024-01-09 10:15:00,16.85,17.09,16.68,16.93,1750
2024-01-09 10:30:00,16.93,16.97,16.89,16.92,1330
2024-01-09 10:45:00,16.92,17.39,16.61,17.08,1910
2024-01-09 11:00:00,17.08,17.13,16.73,16.77,2695
2024-01-09 11:15:00,16.77,16.9,16.42,16.54,3327
2024-01-09 11:30:00,16.54,16.83,16.48,16.77,1702
2024-01-09 11:45:00,16.77,16.79,16.48,16.5,2355
2024-01-09 12:00:00,16.5,16.62,16.15,16.27,2489
2024-01-09 12:15:00,16.27,16.52,15.82,16.07,2694
2024-01-09 12:30:00,16.07,16.16,15.2,15.3,3220
2024-01-09 12:45:00,15.3,15.46,14.86,15.03,2328
2024-01-09 13:00:00,15.03,15.26,14.71,14.94,1318
2024-01-09 13:15:00,14.94,15.05,14.79,14.9,1679
2024-01-09 13:30:00,14.9,15.02,14.45,14.57,3735
2024-01-09 13:45:00,14.57,14.63,14.32,14.38,3155
2024-01-09 14:00:00,14.38,14.4,14.33,14.36,1422
2024-01-09 14:15:00,14.36,14.45,14.0,14.1,2216
2024-01-09 14:30:00,14.1,14.44,13.34,13.68,3709
2024-01-09 14:45:00,13.68,14.34,13.28,13.94,2802
2024-01-09 15:00:00,13.94,14.13,13.93,14.12,2497
2024-01-09 15:15:00,14.12,14.27,13.92,14.07,1493
2024-01-09 15:30:00,14.07,14.08,13.75,13.76,3646
2024-01-09 15:45:00,13.76,14.02,13.61,13.86,2381
2024-01-09 16:00:00,13.86,14.66,13.74,14.54,5993
2024-01-09 16:15:00,14.54,14.82,14.4,14.68,1023
2024-01-09 16:30:00,14.68,14.84,14.05,14.21,3042
2024-01-09 16:45:00,14.21,14.39,13.84,14.01,3273
2024-01-09 17:00:00,14.01,14.46,13.88,14.32,2498
2024-01-09 17:15:00,14.32,14.68,14.19,14.55,2726
2024-01-09 17:30:00,14.55,14.96,14.41,14.82,1488
2024-01-09 17:45:00,14.82,14.87,14.47,14.51,1997
2024-01-09 18:00:00,14.51,14.97,14.34,14.8,2808
2024-01-09 18:15:00,14.8,14.91,14.62,14.73,1616
2024-01-09 18:30:00,14.73,15.31,14.61,15.19,2836
2024-01-09 18:45:00,15.19,15.24,15.18,15.23,1312
2024-01-09 19:00:00,15.23,15.27,15.16,15.2,1135
2024-01-09 19:15:00,15.2,15.45,15.15,15.4,2890
2024-01-09 19:30:00,15.4,15.51,14.91,15.03,4275
2024-01-09 19:45:00,15.03,15.15,14.98,15.11,1782
2024-01-09 20:00:00,15.11,15.39,14.52,14.81,3864
2024-01-09 20:15:00,14.81,14.88,14.11,14.19,3077
2024-01-09 20:30:00,14.19,14.77,14.13,14.72,2235
2024-01-09 20:45:00,14.72,15.05,14.58,14.91,2225
2024-01-09 21:00:00,14.91,15.13,14.56,14.77,1690
2024-01-09 21:15:00,14.77,15.38,14.58,15.19,3422
2024-01-09 21:30:00,15.19,15.37,14.5,14.69,5307
2024-01-09 21:45:00,14.69,14.78,14.32,14.4,2816
2024-01-09 22:00:00,14.4,15.0,14.18,14.77,4692
2024-01-09 22:15:00,14.77,14.81,14.44,14.47,3437
2024-01-09 22:30:00,14.47,14.87,14.44,14.84,4067
2024-01-09 22:45:00,14.84,15.44,14.71,15.32,2746
2024-01-09 23:00:00,15.32,15.38,15.21,15.27,1488
2024-01-09 23:15:00,15.27,15.65,15.11,15.49,2212
2024-01-09 23:30:00,15.49,16.86,15.12,16.5,6557
2024-01-09 23:45:00,16.5,16.9,16.43,16.83,3837
2024-01-10 00:00:00,16.83,16.94,16.35,16.45,1549
2024-01-10 00:15:00,16.45,16.48,16.1,16.13,3003
2024-01-10 00:30:00,16.13,16.98,15.99,16.85,4856
2024-01-10 00:45:00,16.85,17.34,16.55,17.05,1869
2024-01-10 01:00:00,17.05,17.45,16.65,17.05,673
2024-01-10 01:15:00,17.05,17.15,16.61,16.72,2926
2024-01-10 01:30:00,16.72,17.1,16.66,17.04,3266
2024-01-10 01:45:00,17.04,17.97,16.95,17.88,5636
2024-01-10 02:00:00,17.88,18.01,17.78,17.91,726
2024-01-10 02:15:00,17.91,18.32,17.68,18.09,2431
2024-01-10 02:30:00,18.09,18.44,17.26,17.6,2776
2024-01-10 02:45:00,17.6,17.74,16.79,16.93,2797
2024-01-10 03:00:00,16.93,17.13,16.54,16.75,2513
2024-01-10 03:15:00,16.75,16.79,16.45,16.49,2369
2024-01-10 03:30:00,16.49,16.56,16.39,16.45,1515
2024-01-10 03:45:00,16.45,17.16,16.19,16.9,4565
2024-01-10 04:00:00,16.9,16.92,16.5,16.51,4442
2024-01-10 04:15:00,16.51,16.81,16.29,16.59,1658
2024-01-10 04:30:00,16.59,16.97,16.14,16.52,1051
2024-01-10 04:45:00,16.52,17.16,16.22,16.86,1684
2024-01-10 05:00:00,16.86,17.4,16.67,17.2,2849
2024-01-10 05:15:00,17.2,17.42,17.02,17.24,785
2024-01-10 05:30:00,17.24,17.35,16.78,16.89,2462
2024-01-10 05:45:00,16.89,17.22,16.89,17.21,2711
2024-01-10 06:00:00,17.21,17.83,17.2,17.82,5938
2024-01-10 06:15:00,17.82,17.86,17.69,17.73,2121
2024-01-10 06:30:00,17.73,17.99,17.62,17.88,1153
2024-01-10 06:45:00,17.88,18.03,17.73,17.87,1419
2024-01-10 07:00:00,17.87,18.09,17.66,17.88,864
2024-01-10 07:15:00,17.88,18.93,17.48,18.52,3603
2024-01-10 07:30:00,18.52,18.7,17.77,17.94,2799
2024-01-10 07:45:00,17.94,19.07,17.9,19.03,5289
2024-01-10 08:00:00,19.03,19.52,18.85,19.33,1195
2024-01-10 08:15:00,19.33,19.38,19.17,19.22,2157
2024-01-10 08:30:00,19.22,19.42,18.72,18.92,1464
2024-01-10 08:45:00,18.92,18.93,18.72,18.72,2195
2024-01-10 09:00:00,18.72,19.13,17.97,18.38,2103
2024-01-10 09:15:00,18.38,18.76,17.84,18.22,2363
2024-01-10 09:30:00,18.22,18.69,17.91,18.38,2581
2024-01-10 09:45:00,18.38,18.6,18.21,18.43,1087
2024-01-10 10:00:00,18.43,18.9,18.35,18.83,1549
2024-01-10 10:15:00,18.83,19.1,17.93,18.21,3463
2024-01-10 10:30:00,18.21,18.45,17.48,17.73,4332
2024-01-10 10:45:00,17.73,17.97,17.69,17.93,2116
2024-01-10 11:00:00,17.93,18.13,17.25,17.45,1689
2024-01-10 11:15:00,17.45,17.53,17.41,17.49,1380
2024-01-10 11:30:00,17.49,17.52,17.48,17.51,1568
2024-01-10 11:45:00,17.51,17.67,17.16,17.33,1337
2024-01-10 12:00:00,17.33,17.4,17.25,17.32,1407
2024-01-10 12:15:00,17.32,17.34,16.46,16.49,4030
2024-01-10 12:30:00,16.49,16.63,16.16,16.3,1407
2024-01-10 12:45:00,16.3,16.93,16.19,16.82,2211
2024-01-10 13:00:00,16.82,17.01,16.54,16.73,1456
2024-01-10 13:15:00,16.73,16.88,16.46,16.61,1896
2024-01-10 13:30:00,16.61,17.13,16.44,16.96,1861
2024-01-10 13:45:00,16.96,17.05,16.19,16.28,6337
2024-01-10 14:00:00,16.28,16.45,16.23,16.4,937
2024-01-10 14:15:00,16.4,16.76,16.27,16.63,2834
2024-01-10 14:30:00,16.63,16.69,16.12,16.19,2871
2024-01-10 14:45:00,16.19,17.06,15.99,16.85,3664
2024-01-10 15:00:00,16.85,17.04,16.85,17.03,1079
2024-01-10 15:15:00,17.03,17.15,16.9,17.02,869
2024-01-10 15:30:00,17.02,17.15,16.65,16.78,3340
2024-01-10 15:45:00,16.78,17.21,16.41,16.84,1248
2024-01-10 16:00:00,16.84,16.95,16.7,16.81,1493
2024-01-10 16:15:00,16.81,17.02,16.1,16.32,3264
2024-01-10 16:30:00,16.32,16.32,16.04,16.04,2572
2024-01-10 16:45:00,16.04,16.08,15.8,15.84,1701
2024-01-10 17:00:00,15.84,15.94,15.1,15.2,5559
2024-01-10 17:15:00,15.2,15.53,15.11,15.44,2611
2024-01-10 17:30:00,15.44,15.48,15.23,15.27,2605
2024-01-10 17:45:00,15.27,15.38,15.08,15.18,1089
2024-01-10 18:00:00,15.18,15.88,15.17,15.87,6751
2024-01-10 18:15:00,15.87,16.48,15.51,16.13,1615
2024-01-10 18:30:00,16.13,16.42,15.37,15.66,2794
2024-01-10 18:45:00,15.66,16.01,15.58,15.93,2994
2024-01-10 19:00:00,15.93,16.57,15.86,16.51,6259
2024-01-10 19:15:00,16.51,17.51,16.08,17.08,5686
2024-01-10 19:30:00,17.08,17.24,16.78,16.95,2007
2024-01-10 19:45:00,16.95,16.99,16.1,16.14,6688
2024-01-10 20:00:00,16.14,16.26,15.91,16.03,1129
2024-01-10 20:15:00,16.03,16.71,15.91,16.59,5120
2024-01-10 20:30:00,16.59,17.35,16.55,17.3,3168
2024-01-10 20:45:00,17.3,17.59,16.8,17.09,2738
2024-01-10 21:00:00,17.09,17.33,16.55,16.79,2172
2024-01-10 21:15:00,16.79,17.72,16.61,17.54,7244
2024-01-10 21:30:00,17.54,17.87,16.47,16.8,3254
2024-01-10 21:45:00,16.8,17.31,16.59,17.11,1457
2024-01-10 22:00:00,17.11,17.88,16.91,17.68,4023
2024-01-10 22:15:00,17.68,17.84,17.29,17.44,2558
2024-01-10 22:30:00,17.44,17.46,17.43,17.44,1047
2024-01-10 22:45:00,17.44,17.78,16.82,17.15,2994
2024-01-10 23:00:00,17.15,17.42,17.1,17.37,2826
2024-01-10 23:15:00,17.37,18.04,17.24,17.91,4998
2024-01-10 23:30:00,17.91,17.91,17.84,17.84,941
2024-01-10 23:45:00,17.84,18.3,17.52,17.98,852
2024-01-11 00:00:00,17.98,18.06,17.63,17.71,2651
2024-01-11 00:15:00,17.71,17.89,16.97,17.15,2060
2024-01-11 00:30:00,17.15,17.29,16.83,16.97,1429
2024-01-11 00:45:00,16.97,17.65,16.78,17.47,2036
2024-01-11 01:00:00,17.47,17.68,17.44,17.66,2226
2024-01-11 01:15:00,17.66,18.05,17.33,17.72,1840
2024-01-11 01:30:00,17.72,18.43,17.21,17.92,1164
2024-01-11 01:45:00,17.92,18.33,17.42,17.82,1390
2024-01-11 02:00:00,17.82,18.15,17.39,17.72,1172
2024-01-11 02:15:00,17.72,18.13,17.38,17.78,1812
2024-01-11 02:30:00,17.78,18.0,17.56,17.79,942
2024-01-11 02:45:00,17.79,17.95,17.71,17.87,865
2024-01-11 03:00:00,17.87,19.05,17.46,18.64,6946
2024-01-11 03:15:00,18.64,19.65,18.27,19.27,3785
2024-01-11 03:30:00,19.27,19.79,19.0,19.52,2442
2024-01-11 03:45:00,19.52,20.14,19.04,19.66,1039
2024-01-11 04:00:00,19.66,19.67,19.62,19.62,658
2024-01-11 04:15:00,19.62,20.56,19.38,20.32,5443
2024-01-11 04:30:00,20.32,20.36,19.54,19.58,3938
2024-01-11 04:45:00,19.58,20.05,19.41,19.87,2499
2024-01-11 05:00:00,19.87,20.04,18.7,18.87,3820
2024-01-11 05:15:00,18.87,18.97,18.74,18.84,793
2024-01-11 05:30:00,18.84,18.87,18.79,18.82,1538
2024-01-11 05:45:00,18.82,18.86,18.1,18.14,4929
2024-01-11 06:00:00,18.14,18.43,17.92,18.2,1249
2024-01-11 06:15:00,18.2,18.5,17.5,17.8,4341
2024-01-11 06:30:00,17.8,18.23,17.55,17.99,2155
2024-01-11 06:45:00,17.99,18.17,17.57,17.74,1129
2024-01-11 07:00:00,17.74,18.6,17.5,18.35,5832
2024-01-11 07:15:00,18.35,18.36,17.87,17.89,1866
2024-01-11 07:30:00,17.89,18.1,17.25,17.46,2985
2024-01-11 07:45:00,17.46,17.76,17.15,17.45,1363
2024-01-11 08:00:00,17.45,17.61,17.04,17.19,3185
2024-01-11 08:15:00,17.19,17.59,17.15,17.55,2858
2024-01-11 08:30:00,17.55,17.88,17.54,17.88,2945
2024-01-11 08:45:00,17.88,18.03,17.15,17.3,4457
2024-01-11 09:00:00,17.3,17.78,17.25,17.73,1850
2024-01-11 09:15:00,17.73,18.0,17.31,17.59,2000
2024-01-11 09:30:00,17.59,17.66,17.19,17.26,1422
2024-01-11 09:45:00,17.26,18.17,17.16,18.07,3044
2024-01-11 10:00:00,18.07,18.23,17.31,17.47,4076
2024-01-11 10:15:00,17.47,17.67,17.12,17.32,2124
2024-01-11 10:30:00,17.32,17.37,17.1,17.14,1001
2024-01-11 10:45:00,17.14,17.34,17.06,17.26,2245
2024-01-11 11:00:00,17.26,17.4,16.34,16.48,6979
2024-01-11 11:15:00,16.48,16.56,16.19,16.26,2800
2024-01-11 11:30:00,16.26,16.37,16.24,16.35,1537
2024-01-11 11:45:00,16.35,16.91,15.69,16.25,2040
2024-01-11 12:00:00,16.25,16.27,16.2,16.23,1026
2024-01-11 12:15:00,16.23,16.32,16.01,16.1,1943
2024-01-11 12:30:00,16.1,16.21,15.9,16.01,1749
2024-01-11 12:45:00,16.01,16.95,15.73,16.67,3174
2024-01-11 13:00:00,16.67,17.19,16.3,16.83,957
2024-01-11 13:15:00,16.83,17.85,16.83,17.84,3420
2024-01-11 13:30:00,17.84,18.57,17.72,18.45,3516
2024-01-11 13:45:00,18.45,19.24,18.26,19.05,5564
2024-01-11 14:00:00,19.05,19.89,19.03,19.87,6113
2024-01-11 14:15:00,19.87,20.61,19.69,20.43,3083
2024-01-11 14:30:00,20.43,20.44,19.84,19.85,5160
2024-01-11 14:45:00,19.85,19.97,19.7,19.82,1500
2024-01-11 15:00:00,19.82,20.43,19.75,20.37,2379
2024-01-11 15:15:00,20.37,20.58,19.85,20.06,1365
2024-01-11 15:30:00,20.06,20.55,18.65,19.14,6591
2024-01-11 15:45:00,19.14,19.57,18.29,18.72,2046
2024-01-11 16:00:00,18.72,19.38,18.5,19.17,2096
2024-01-11 16:15:00,19.17,19.36,18.43,18.63,1912
2024-01-11 16:30:00,18.63,19.08,18.27,18.72,989
2024-01-11 16:45:00,18.72,18.79,18.68,18.74,590
2024-01-11 17:00:00,18.74,19.71,18.37,19.33,3648
2024-01-11 17:15:00,19.33,19.99,19.29,19.95,1998
2024-01-11 17:30:00,19.95,20.16,19.71,19.92,1304
2024-01-11 17:45:00,19.92,20.46,19.6,20.13,1573
2024-01-11 18:00:00,20.13,20.61,20.11,20.59,3552
2024-01-11 18:15:00,20.59,21.05,20.36,20.82,1206
2024-01-11 18:30:00,20.82,21.02,20.14,20.34,3894
2024-01-11 18:45:00,20.34,20.47,19.91,20.04,2738
2024-01-11 19:00:00,20.04,20.14,19.84,19.95,2030
2024-01-11 19:15:00,19.95,20.54,19.74,20.33,3664
2024-01-11 19:30:00,20.33,20.62,20.24,20.54,1719
2024-01-11 19:45:00,20.54,20.84,20.19,20.5,1576
2024-01-11 20:00:00,20.5,20.57,20.04,20.12,2388
2024-01-11 20:15:00,20.12,20.13,19.41,19.43,5617
2024-01-11 20:30:00,19.43,20.09,19.33,19.99,4602
2024-01-11 20:45:00,19.99,20.12,19.6,19.73,2185
2024-01-11 21:00:00,19.73,19.95,19.16,19.38,3080
2024-01-11 21:15:00,19.38,19.49,19.13,19.24,2179
2024-01-11 21:30:00,19.24,19.7,18.38,18.84,1508
2024-01-11 21:45:00,18.84,19.21,18.8,19.17,1541
2024-01-11 22:00:00,19.17,19.49,18.96,19.28,2236
2024-01-11 22:15:00,19.28,19.66,18.88,19.26,1460
2024-01-11 22:30:00,19.26,20.34,19.16,20.24,7178
2024-01-11 22:45:00,20.24,20.54,20.09,20.4,852
2024-01-11 23:00:00,20.4,20.61,20.01,20.22,1021
2024-01-11 23:15:00,20.22,20.28,19.65,19.71,2762
2024-01-11 23:30:00,19.71,19.84,19.39,19.52,2242
2024-01-11 23:45:00,19.52,19.79,18.29,18.57,3987
2024-01-12 00:00:00,18.57,18.65,18.44,18.53,779
2024-01-12 00:15:00,18.53,18.73,18.3,18.49,1469
2024-01-12 00:30:00,18.49,18.82,18.48,18.8,1774
2024-01-12 00:45:00,18.8,18.87,18.3,18.37,3363
2024-01-12 01:00:00,18.37,19.28,18.01,18.93,3643
2024-01-12 01:15:00,18.93,19.04,18.18,18.29,3941
2024-01-12 01:30:00,18.29,18.5,18.14,18.35,1200
2024-01-12 01:45:00,18.35,19.07,18.29,19.01,4829
2024-01-12 02:00:00,19.01,20.3,18.58,19.87,3557
2024-01-12 02:15:00,19.87,19.94,19.29,19.36,4718
2024-01-12 02:30:00,19.36,19.52,19.16,19.32,1330
2024-01-12 02:45:00,19.32,19.86,18.96,19.5,1440
2024-01-12 03:00:00,19.5,19.64,19.47,19.61,1547
2024-01-12 03:15:00,19.61,19.82,19.39,19.6,592
2024-01-12 03:30:00,19.6,19.73,19.19,19.32,2700
2024-01-12 03:45:00,19.32,19.86,19.11,19.65,1969
2024-01-12 04:00:00,19.65,19.69,18.73,18.76,3117
2024-01-12 04:15:00,18.76,18.94,17.91,18.09,5567
2024-01-12 04:30:00,18.09,18.19,18.01,18.12,1291
2024-01-12 04:45:00,18.12,19.01,17.98,18.87,2320
2024-01-12 05:00:00,18.87,18.97,18.39,18.49,3923
2024-01-12 05:15:00,18.49,18.71,18.05,18.26,2913
2024-01-12 05:30:00,18.26,18.31,17.9,17.95,1398
2024-01-12 05:45:00,17.95,18.36,17.7,18.1,1173
2024-01-12 06:00:00,18.1,18.14,18.04,18.08,756
2024-01-12 06:15:00,18.08,18.24,18.05,18.22,2472
2024-01-12 06:30:00,18.22,18.37,17.98,18.13,1666
2024-01-12 06:45:00,18.13,18.3,17.63,17.79,2428
2024-01-12 07:00:00,17.79,17.91,17.42,17.53,2163
2024-01-12 07:15:00,17.53,17.69,17.34,17.49,836
2024-01-12 07:30:00,17.49,17.73,17.07,17.31,1297
2024-01-12 07:45:00,17.31,17.85,17.02,17.55,2874
2024-01-12 08:00:00,17.55,17.87,17.55,17.87,1824
2024-01-12 08:15:00,17.87,18.22,17.55,17.91,1672
2024-01-12 08:30:00,17.91,18.04,17.14,17.28,4391
2024-01-12 08:45:00,17.28,18.61,16.9,18.23,4155
2024-01-12 09:00:00,18.23,18.78,18.01,18.55,3456
2024-01-12 09:15:00,18.55,18.61,18.3,18.36,1247
2024-01-12 09:30:00,18.36,18.96,18.13,18.73,1864
2024-01-12 09:45:00,18.73,18.81,18.52,18.59,2470
2024-01-12 10:00:00,18.59,18.73,18.54,18.67,1557
2024-01-12 10:15:00,18.67,18.69,18.16,18.19,1629
2024-01-12 10:30:00,18.19,18.2,18.15,18.17,622
2024-01-12 10:45:00,18.17,18.32,17.95,18.1,1960
2024-01-12 11:00:00,18.1,19.09,17.65,18.64,5074
2024-01-12 11:15:00,18.64,19.08,18.49,18.93,3082
2024-01-12 11:30:00,18.93,19.19,18.72,18.98,1298
2024-01-12 11:45:00,18.98,19.48,18.84,19.34,2337
2024-01-12 12:00:00,19.34,19.58,18.85,19.09,2056
2024-01-12 12:15:00,19.09,19.48,18.65,19.04,1451
2024-01-12 12:30:00,19.04,19.32,18.83,19.11,1072
2024-01-12 12:45:00,19.11,19.32,18.86,19.07,1675
2024-01-12 13:00:00,19.07,20.19,18.62,19.74,2334
2024-01-12 13:15:00,19.74,20.07,19.42,19.75,1051
2024-01-12 13:30:00,19.75,20.04,19.72,20.01,1164
2024-01-12 13:45:00,20.01,20.24,19.51,19.74,2950
2024-01-12 14:00:00,19.74,20.38,19.36,19.99,1886
2024-01-12 14:15:00,19.99,20.72,19.63,20.35,3346
2024-01-12 14:30:00,20.35,20.64,20.12,20.41,1346
2024-01-12 14:45:00,20.41,20.43,19.56,19.58,3005
2024-01-12 15:00:00,19.58,19.67,19.55,19.64,1908
2024-01-12 15:15:00,19.64,19.87,19.13,19.36,3054
2024-01-12 15:30:00,19.36,19.77,19.09,19.5,1568
2024-01-12 15:45:00,19.5,20.46,19.31,20.27,2847
2024-01-12 16:00:00,20.27,20.54,20.18,20.46,2685
2024-01-12 16:15:00,20.46,20.79,20.27,20.59,1347
2024-01-12 16:30:00,20.59,21.22,19.72,20.34,1471
2024-01-12 16:45:00,20.34,20.68,19.47,19.8,4686
2024-01-12 17:00:00,19.8,20.14,18.66,19.0,5075
2024-01-12 17:15:00,19.0,19.1,18.28,18.39,2844
2024-01-12 17:30:00,18.39,18.79,18.19,18.6,2333
2024-01-12 17:45:00,18.6,18.61,18.36,18.37,1953
2024-01-12 18:00:00,18.37,18.7,17.56,17.89,3530
2024-01-12 18:15:00,17.89,18.12,17.53,17.76,2102
2024-01-12 18:30:00,17.76,17.99,17.27,17.5,1434
2024-01-12 18:45:00,17.5,18.57,17.26,18.33,5084
2024-01-12 19:00:00,18.33,18.39,17.55,17.61,2679
2024-01-12 19:15:00,17.61,17.76,16.96,17.1,2488
2024-01-12 19:30:00,17.1,17.52,16.97,17.38,2785
2024-01-12 19:45:00,17.38,17.75,16.91,17.29,1573
2024-01-12 20:00:00,17.29,17.49,17.28,17.48,1114
2024-01-12 20:15:00,17.48,17.51,17.25,17.28,1509
2024-01-12 20:30:00,17.28,17.52,17.2,17.44,1169
2024-01-12 20:45:00,17.44,18.28,17.17,18.01,3145
2024-01-12 21:00:00,18.01,18.51,17.93,18.43,2003
2024-01-12 21:15:00,18.43,18.8,18.32,18.7,2454
2024-01-12 21:30:00,18.7,18.74,18.46,18.51,1050
2024-01-12 21:45:00,18.51,18.9,18.19,18.58,1486
2024-01-12 22:00:00,18.58,19.51,18.04,18.97,3055
2024-01-12 22:15:00,18.97,19.4,18.77,19.21,2484
2024-01-12 22:30:00,19.21,19.35,18.96,19.1,1030
2024-01-12 22:45:00,19.1,19.29,18.43,18.62,3897
2024-01-12 23:00:00,18.62,19.35,18.2,18.93,1347
2024-01-12 23:15:00,18.93,19.68,18.71,19.46,4995
2024-01-12 23:30:00,19.46,20.12,19.27,19.94,2368
2024-01-12 23:45:00,19.94,20.44,19.54,20.04,1745
2024-01-13 00:00:00,20.04,20.05,19.95,19.96,1359
2024-01-13 00:15:00,19.96,20.42,19.96,20.42,2559
2024-01-13 00:30:00,20.42,20.81,20.41,20.8,1997
2024-01-13 00:45:00,20.8,20.83,20.76,20.8,1373
2024-01-13 01:00:00,20.8,21.23,20.25,20.68,858
2024-01-13 01:15:00,20.68,20.83,20.36,20.51,1421
2024-01-13 01:30:00,20.51,20.69,20.26,20.44,1385
2024-01-13 01:45:00,20.44,20.69,20.43,20.68,1259
2024-01-13 02:00:00,20.68,21.09,20.42,20.83,1176
2024-01-13 02:15:00,20.83,20.87,20.63,20.66,1261
2024-01-13 02:30:00,20.66,20.95,20.32,20.6,1198
2024-01-13 02:45:00,20.6,20.64,19.7,19.74,2913
2024-01-13 03:00:00,19.74,20.26,19.62,20.14,3533
2024-01-13 03:15:00,20.14,20.27,19.32,19.46,5084
2024-01-13 03:30:00,19.46,20.03,18.5,19.06,2252
2024-01-13 03:45:00,19.06,19.33,18.11,18.37,5907
2024-01-13 04:00:00,18.37,18.42,18.29,18.34,1208
2024-01-13 04:15:00,18.34,18.69,18.28,18.63,2446
2024-01-13 04:30:00,18.63,19.27,18.09,18.74,1886
2024-01-13 04:45:00,18.74,19.15,18.29,18.71,1697
2024-01-13 05:00:00,18.71,18.96,18.7,18.96,2294
2024-01-13 05:15:00,18.96,19.02,18.76,18.82,2220
2024-01-13 05:30:00,18.82,18.96,18.62,18.77,1072
2024-01-13 05:45:00,18.77,19.58,18.43,19.24,2783
2024-01-13 06:00:00,19.24,19.31,18.54,18.61,5374
2024-01-13 06:15:00,18.61,18.87,18.59,18.85,1532
2024-01-13 06:30:00,18.85,18.87,18.71,18.73,1449
2024-01-13 06:45:00,18.73,18.96,18.15,18.38,3635
2024-01-13 07:00:00,18.38,18.73,17.7,18.05,1780
2024-01-13 07:15:00,18.05,18.73,17.92,18.59,2561
2024-01-13 07:30:00,18.59,19.25,18.37,19.04,2254
2024-01-13 07:45:00,19.04,19.1,18.64,18.71,2609
2024-01-13 08:00:00,18.71,19.48,18.68,19.45,3850
2024-01-13 08:15:00,19.45,19.63,19.09,19.27,1174
2024-01-13 08:30:00,19.27,19.44,18.77,18.94,1700
2024-01-13 08:45:00,18.94,19.1,18.17,18.33,4001
2024-01-13 09:00:00,18.33,18.43,17.91,18.01,2825
2024-01-13 09:15:00,18.01,18.04,17.55,17.58,1623
2024-01-13 09:30:00,17.58,17.92,16.87,17.21,4095
2024-01-13 09:45:00,17.21,17.44,17.08,17.31,1170
2024-01-13 10:00:00,17.31,17.63,17.09,17.41,963
2024-01-13 10:15:00,17.41,17.6,16.89,17.09,2273
2024-01-13 10:30:00,17.09,17.34,17.08,17.33,2911
2024-01-13 10:45:00,17.33,17.98,16.85,17.5,1298
2024-01-13 11:00:00,17.5,17.63,16.74,16.87,2453
2024-01-13 11:15:00,16.87,17.41,16.81,17.35,2479
2024-01-13 11:30:00,17.35,17.48,16.88,17.02,2804
2024-01-13 11:45:00,17.02,17.08,16.18,16.24,2907
2024-01-13 12:00:00,16.24,16.33,16.08,16.17,965
2024-01-13 12:15:00,16.17,16.37,16.1,16.3,1797
2024-01-13 12:30:00,16.3,16.38,15.54,15.62,4455
2024-01-13 12:45:00,15.62,16.14,15.33,15.84,2558
2024-01-13 13:00:00,15.84,16.2,15.58,15.93,747
2024-01-13 13:15:00,15.93,16.07,15.79,15.92,716
2024-01-13 13:30:00,15.92,17.02,15.86,16.96,7381
2024-01-13 13:45:00,16.96,16.99,16.34,16.37,3727
2024-01-13 14:00:00,16.37,17.39,16.16,17.18,4082
2024-01-13 14:15:00,17.18,17.31,16.46,16.58,4887
2024-01-13 14:30:00,16.58,16.67,16.11,16.2,2202
2024-01-13 14:45:00,16.2,16.79,16.12,16.71,4304
2024-01-13 15:00:00,16.71,17.4,16.48,17.17,4249
2024-01-13 15:15:00,17.17,17.39,16.5,16.72,3878
2024-01-13 15:30:00,16.72,16.94,16.66,16.88,1475
2024-01-13 15:45:00,16.88,16.92,16.74,16.78,1643
2024-01-13 16:00:00,16.78,16.88,15.98,16.08,5635
2024-01-13 16:15:00,16.08,16.55,15.37,15.83,2522
2024-01-13 16:30:00,15.83,15.96,15.26,15.39,2420
2024-01-13 16:45:00,15.39,15.58,15.09,15.28,1366
2024-01-13 17:00:00,15.28,15.79,15.1,15.61,2622
2024-01-13 17:15:00,15.61,15.66,15.43,15.47,1285
2024-01-13 17:30:00,15.47,15.52,15.22,15.27,2057
2024-01-13 17:45:00,15.27,15.62,15.22,15.57,2548
2024-01-13 18:00:00,15.57,15.96,15.47,15.85,2500
2024-01-13 18:15:00,15.85,16.42,15.63,16.2,3106
2024-01-13 18:30:00,16.2,16.36,15.76,15.92,2803
2024-01-13 18:45:00,15.92,16.37,15.39,15.84,1800
2024-01-13 19:00:00,15.84,16.45,15.66,16.26,2279
2024-01-13 19:15:00,16.26,16.63,15.64,16.0,2944
2024-01-13 19:30:00,16.0,16.09,15.71,15.79,2060
2024-01-13 19:45:00,15.79,15.99,15.65,15.85,819
2024-01-13 20:00:00,15.85,16.16,15.76,16.07,3080
2024-01-13 20:15:00,16.07,16.26,15.88,16.06,733
2024-01-13 20:30:00,16.06,16.15,15.47,15.56,5314
2024-01-13 20:45:00,15.56,15.77,14.76,14.97,6330
2024-01-13 21:00:00,14.97,15.01,14.64,14.68,1474
2024-01-13 21:15:00,14.68,14.7,14.58,14.61,1413
2024-01-13 21:30:00,14.61,15.35,14.29,15.03,5285
2024-01-13 21:45:00,15.03,15.3,14.59,14.86,1474
2024-01-13 22:00:00,14.86,15.04,14.41,14.59,3518
2024-01-13 22:15:00,14.59,15.04,13.87,14.31,3641
2024-01-13 22:30:00,14.31,14.91,14.22,14.82,4639
2024-01-13 22:45:00,14.82,15.03,14.74,14.95,2561
2024-01-13 23:00:00,14.95,15.31,14.61,14.97,1309
2024-01-13 23:15:00,14.97,15.21,14.92,15.16,3085
2024-01-13 23:30:00,15.16,15.34,15.06,15.24,1239
2024-01-13 23:45:00,15.24,15.48,15.13,15.37,2547
2024-01-14 00:00:00,15.37,15.66,14.32,14.61,3994
2024-01-14 00:15:00,14.61,14.94,14.45,14.78,2127
2024-01-14 00:30:00,14.78,14.92,14.64,14.78,598
2024-01-14 00:45:00,14.78,15.23,14.71,15.17,4231
2024-01-14 01:00:00,15.17,15.35,14.31,14.49,5179
2024-01-14 01:15:00,14.49,14.54,14.25,14.31,3082
2024-01-14 01:30:00,14.31,15.01,14.16,14.86,3643
2024-01-14 01:45:00,14.86,15.07,14.29,14.51,3922
2024-01-14 02:00:00,14.51,14.94,14.31,14.73,2076
2024-01-14 02:15:00,14.73,15.13,14.46,14.86,2017
2024-01-14 02:30:00,14.86,15.19,14.78,15.11,2235
2024-01-14 02:45:00,15.11,15.37,14.48,14.74,2544
2024-01-14 03:00:00,14.74,14.86,14.73,14.84,1530
2024-01-14 03:15:00,14.84,14.93,14.5,14.58,2498
2024-01-14 03:30:00,14.58,14.82,14.43,14.67,2091
2024-01-14 03:45:00,14.67,15.37,14.66,15.36,6045
2024-01-14 04:00:00,15.36,15.81,14.75,15.2,2555
2024-01-14 04:15:00,15.2,15.29,15.09,15.18,695
2024-01-14 04:30:00,15.18,15.41,14.5,14.73,4149
2024-01-14 04:45:00,14.73,14.93,14.31,14.51,1982
2024-01-14 05:00:00,14.51,14.97,14.32,14.79,2598
2024-01-14 05:15:00,14.79,15.19,14.59,14.99,1687
2024-01-14 05:30:00,14.99,15.12,14.82,14.95,1730
2024-01-14 05:45:00,14.95,15.25,14.79,15.09,1988
2024-01-14 06:00:00,15.09,15.58,14.92,15.41,2816
2024-01-14 06:15:00,15.41,15.78,15.04,15.41,1170
2024-01-14 06:30:00,15.41,15.48,15.39,15.47,1390
2024-01-14 06:45:00,15.47,15.51,15.35,15.4,2059
2024-01-14 07:00:00,15.4,15.68,15.36,15.65,2546
2024-01-14 07:15:00,15.65,15.73,15.41,15.49,1648
2024-01-14 07:30:00,15.49,15.82,15.34,15.67,2327
2024-01-14 07:45:00,15.67,16.03,15.32,15.67,584
2024-01-14 08:00:00,15.67,15.95,15.61,15.89,1558
2024-01-14 08:15:00,15.89,15.92,15.76,15.79,939
2024-01-14 08:30:00,15.79,16.12,15.72,16.05,2151
2024-01-14 08:45:00,16.05,16.24,15.74,15.93,2325
2024-01-14 09:00:00,15.93,16.36,15.72,16.15,2998
2024-01-14 09:15:00,16.15,16.67,16.11,16.63,4194
2024-01-14 09:30:00,16.63,16.71,16.47,16.55,1304
2024-01-14 09:45:00,16.55,16.56,16.05,16.06,4564
2024-01-14 10:00:00,16.06,16.28,16.0,16.23,1098
2024-01-14 10:15:00,16.23,16.25,16.13,16.15,1929
2024-01-14 10:30:00,16.15,16.2,15.87,15.92,2170
2024-01-14 10:45:00,15.92,15.93,15.91,15.92,1448
2024-01-14 11:00:00,15.92,16.25,15.89,16.22,3459
2024-01-14 11:15:00,16.22,16.23,15.84,15.85,2644
2024-01-14 11:30:00,15.85,16.3,15.69,16.13,2567
2024-01-14 11:45:00,16.13,16.24,16.03,16.13,655
2024-01-14 12:00:00,16.13,16.73,16.11,16.71,4103
2024-01-14 12:15:00,16.71,16.98,16.27,16.54,1565
2024-01-14 12:30:00,16.54,16.66,16.21,16.33,3104
2024-01-14 12:45:00,16.33,16.92,16.32,16.91,5236
2024-01-14 13:00:00,16.91,17.03,15.96,16.08,3212
2024-01-14 13:15:00,16.08,16.3,16.08,16.3,2779
2024-01-14 13:30:00,16.3,16.69,16.23,16.62,2200
2024-01-14 13:45:00,16.62,17.26,16.24,16.88,1310
2024-01-14 14:00:00,16.88,17.52,16.87,17.5,2233
2024-01-14 14:15:00,17.5,17.69,17.04,17.23,1744
2024-01-14 14:30:00,17.23,17.26,17.14,17.18,916
2024-01-14 14:45:00,17.18,17.32,16.73,16.88,1977
2024-01-14 15:00:00,16.88,17.6,16.59,17.31,3700
2024-01-14 15:15:00,17.31,18.1,16.86,17.65,1744
2024-01-14 15:30:00,17.65,18.13,17.43,17.9,2467
2024-01-14 15:45:00,17.9,17.96,16.94,16.99,8116
2024-01-14 16:00:00,16.99,17.28,16.72,17.01,623
2024-01-14 16:15:00,17.01,17.31,16.7,17.0,519
2024-01-14 16:30:00,17.0,17.4,16.95,17.35,2836
2024-01-14 16:45:00,17.35,18.45,17.28,18.38,8927
2024-01-14 17:00:00,18.38,18.42,18.22,18.26,1167
2024-01-14 17:15:00,18.26,18.79,18.16,18.69,1644
2024-01-14 17:30:00,18.69,19.5,18.57,19.38,4817
2024-01-14 17:45:00,19.38,20.1,19.35,20.07,3970
2024-01-14 18:00:00,20.07,20.3,19.4,19.63,2833
2024-01-14 18:15:00,19.63,20.04,18.99,19.4,2336
2024-01-14 18:30:00,19.4,19.45,19.21,19.26,1653
2024-01-14 18:45:00,19.26,19.36,19.12,19.22,948
2024-01-14 19:00:00,19.22,19.24,19.07,19.09,2259
2024-01-14 19:15:00,19.09,19.34,18.94,19.2,1876
2024-01-14 19:30:00,19.2,19.4,19.14,19.34,2095
2024-01-14 19:45:00,19.34,19.84,19.18,19.68,1628
2024-01-14 20:00:00,19.68,19.88,19.48,19.69,962
2024-01-14 20:15:00,19.69,19.83,19.35,19.49,2729
2024-01-14 20:30:00,19.49,20.16,19.38,20.05,1882
2024-01-14 20:45:00,20.05,20.92,19.75,20.62,2299
2024-01-14 21:00:00,20.62,21.02,20.09,20.49,1074
2024-01-14 21:15:00,20.49,20.96,20.19,20.66,1577
2024-01-14 21:30:00,20.66,21.27,20.3,20.91,1336
2024-01-14 21:45:00,20.91,21.22,20.79,21.1,2010
2024-01-14 22:00:00,21.1,21.18,20.59,20.67,3811
2024-01-14 22:15:00,20.67,20.82,20.5,20.65,597
2024-01-14 22:30:00,20.65,21.32,20.56,21.23,3089
2024-01-14 22:45:00,21.23,21.91,20.86,21.53,2117
2024-01-14 23:00:00,21.53,21.56,20.63,20.66,2869
2024-01-14 23:15:00,20.66,20.98,20.09,20.41,1708
2024-01-14 23:30:00,20.41,20.45,19.62,19.67,4066
2024-01-14 23:45:00,19.67,20.06,19.56,19.95,2988
2024-01-15 00:00:00,19.95,20.11,19.91,20.07,1245
2024-01-15 00:15:00,20.07,20.1,19.42,19.45,3683
2024-01-15 00:30:00,19.45,20.02,19.27,19.84,3398
2024-01-15 00:45:00,19.84,20.02,19.13,19.31,3250
2024-01-15 01:00:00,19.31,19.45,19.11,19.25,1095
2024-01-15 01:15:00,19.25,20.05,19.01,19.81,3018
2024-01-15 01:30:00,19.81,20.05,19.43,19.68,1820
2024-01-15 01:45:00,19.68,20.63,19.34,20.3,5263
2024-01-15 02:00:00,20.3,21.91,19.7,21.31,6718
2024-01-15 02:15:00,21.31,21.57,21.18,21.44,991
2024-01-15 02:30:00,21.44,21.69,21.33,21.58,1549
2024-01-15 02:45:00,21.58,21.77,21.37,21.56,914
2024-01-15 03:00:00,21.56,21.61,21.05,21.1,3397
2024-01-15 03:15:00,21.1,21.72,20.79,21.41,2779
2024-01-15 03:30:00,21.41,22.13,21.15,21.88,3057
2024-01-15 03:45:00,21.88,22.06,21.65,21.83,684
2024-01-15 04:00:00,21.83,22.84,21.5,22.51,5439
2024-01-15 04:15:00,22.51,22.63,22.13,22.26,2472
2024-01-15 04:30:00,22.26,23.58,21.9,23.22,5118
2024-01-15 04:45:00,23.22,23.47,22.62,22.87,2365
2024-01-15 05:00:00,22.87,23.5,22.34,22.97,1376
2024-01-15 05:15:00,22.97,23.12,22.33,22.48,4183
2024-01-15 05:30:00,22.48,22.57,22.38,22.47,894
2024-01-15 05:45:00,22.47,23.09,22.28,22.9,1923
2024-01-15 06:00:00,22.9,23.25,21.88,22.22,2537
2024-01-15 06:15:00,22.22,22.61,22.18,22.57,1880
2024-01-15 06:30:00,22.57,23.76,22.42,23.61,4587
2024-01-15 06:45:00,23.61,23.85,23.53,23.77,797
2024-01-15 07:00:00,23.77,24.31,22.07,22.62,6280
2024-01-15 07:15:00,22.62,23.3,22.56,23.23,4572
2024-01-15 07:30:00,23.23,24.72,23.04,24.53,3260
2024-01-15 07:45:00,24.53,24.77,24.36,24.6,1425
2024-01-15 08:00:00,24.6,24.88,24.54,24.82,1941
2024-01-15 08:15:00,24.82,25.56,24.8,25.54,3102
2024-01-15 08:30:00,25.54,26.38,25.47,26.31,5125
2024-01-15 08:45:00,26.31,26.9,26.04,26.63,1027
2024-01-15 09:00:00,26.63,26.9,25.42,25.69,5991
2024-01-15 09:15:00,25.69,25.78,25.68,25.77,813
2024-01-15 09:30:00,25.77,25.95,24.77,24.95,2938
2024-01-15 09:45:00,24.95,25.7,24.52,25.27,2065
2024-01-15 10:00:00,25.27,26.7,24.57,25.99,3145
2024-01-15 10:15:00,25.99,26.97,25.73,26.71,3157
2024-01-15 10:30:00,26.71,26.83,26.37,26.49,2484
2024-01-15 10:45:00,26.49,26.97,26.49,26.96,1793
2024-01-15 11:00:00,26.96,27.08,25.61,25.72,2989
2024-01-15 11:15:00,25.72,26.65,24.89,25.83,1720
2024-01-15 11:30:00,25.83,26.05,25.01,25.23,3662
2024-01-15 11:45:00,25.23,25.31,24.52,24.6,4070
2024-01-15 12:00:00,24.6,25.19,24.4,24.99,1608
2024-01-15 12:15:00,24.99,25.35,24.97,25.33,2973
2024-01-15 12:30:00,25.33,25.65,25.29,25.61,2525
2024-01-15 12:45:00,25.61,26.66,25.3,26.35,4077
2024-01-15 13:00:00,26.35,27.03,26.35,27.03,2211
2024-01-15 13:15:00,27.03,27.03,26.42,26.43,3621
2024-01-15 13:30:00,26.43,26.84,25.88,26.29,1513
2024-01-15 13:45:00,26.29,27.37,25.88,26.96,1750
2024-01-15 14:00:00,26.96,27.7,26.52,27.26,1782
2024-01-15 14:15:00,27.26,28.6,26.95,28.3,3907
2024-01-15 14:30:00,28.3,30.99,27.87,30.56,7282
2024-01-15 14:45:00,30.56,30.99,29.53,29.97,3154
2024-01-15 15:00:00,29.97,30.17,29.44,29.64,1991
2024-01-15 15:15:00,29.64,30.32,29.62,30.3,3584
2024-01-15 15:30:00,30.3,30.98,30.02,30.71,1548
2024-01-15 15:45:00,30.71,31.53,29.6,30.43,1287
2024-01-15 16:00:00,30.43,30.75,30.16,30.48,1135
2024-01-15 16:15:00,30.48,31.52,30.47,31.51,4205
2024-01-15 16:30:00,31.51,31.6,30.22,30.31,3358
2024-01-15 16:45:00,30.31,31.49,30.03,31.22,4372
2024-01-15 17:00:00,31.22,31.79,31.19,31.76,3201
2024-01-15 17:15:00,31.76,33.32,31.59,33.15,5775
2024-01-15 17:30:00,33.15,33.39,32.49,32.73,3124
2024-01-15 17:45:00,32.73,33.02,31.54,31.82,1843
2024-01-15 18:00:00,31.82,33.93,31.59,33.69,4629
2024-01-15 18:15:00,33.69,33.89,33.03,33.23,1504
2024-01-15 18:30:00,33.23,33.45,32.34,32.57,2676
2024-01-15 18:45:00,32.57,32.99,32.41,32.84,1485
2024-01-15 19:00:00,32.84,34.83,32.42,34.41,7383
2024-01-15 19:15:00,34.41,35.18,33.22,33.98,2585
2024-01-15 19:30:00,33.98,34.07,33.86,33.95,1216
2024-01-15 19:45:00,33.95,35.13,33.6,34.79,4021
2024-01-15 20:00:00,34.79,37.21,34.15,36.57,7571
2024-01-15 20:15:00,36.57,38.51,35.97,37.91,3075
2024-01-15 20:30:00,37.91,38.75,36.3,37.15,2001
2024-01-15 20:45:00,37.15,37.76,35.08,35.7,5185
2024-01-15 21:00:00,35.7,35.79,34.78,34.86,3410
2024-01-15 21:15:00,34.86,35.05,33.56,33.74,2928
2024-01-15 21:30:00,33.74,34.33,33.16,33.75,1450
2024-01-15 21:45:00,33.75,33.9,32.71,32.85,3678
2024-01-15 22:00:00,32.85,33.44,32.85,33.43,2878
2024-01-15 22:15:00,33.43,34.1,33.31,33.97,1319
2024-01-15 22:30:00,33.97,34.71,33.48,34.22,1232
2024-01-15 22:45:00,34.22,35.59,33.78,35.15,3802
2024-01-15 23:00:00,35.15,35.5,33.72,34.07,2275
2024-01-15 23:15:00,34.07,34.6,34.0,34.53,1260
2024-01-15 23:30:00,34.53,34.66,34.5,34.63,643
2024-01-15 23:45:00,34.63,35.96,34.47,35.8,2574
2024-01-16 00:00:00,35.8,36.77,34.52,35.49,1067
2024-01-16 00:15:00,35.49,36.16,33.69,34.37,4867
2024-01-16 00:30:00,34.37,36.1,34.06,35.79,5324
2024-01-16 00:45:00,35.79,36.29,35.71,36.21,2922
2024-01-16 01:00:00,36.21,36.61,35.65,36.05,1707
2024-01-16 01:15:00,36.05,36.98,35.98,36.91,1541
2024-01-16 01:30:00,36.91,37.01,36.85,36.95,1226
2024-01-16 01:45:00,36.95,38.65,36.37,38.08,2947
2024-01-16 02:00:00,38.08,38.66,37.27,37.85,819
2024-01-16 02:15:00,37.85,38.78,35.58,36.51,4860
2024-01-16 02:30:00,36.51,36.62,35.7,35.81,1685
2024-01-16 02:45:00,35.81,37.34,35.42,36.95,3914
2024-01-16 03:00:00,36.95,37.23,36.7,36.98,1405
2024-01-16 03:15:00,36.98,37.79,36.71,37.52,3195
2024-01-16 03:30:00,37.52,39.29,36.67,38.44,4692
2024-01-16 03:45:00,38.44,39.37,35.58,36.51,7508
2024-01-16 04:00:00,36.51,36.53,35.91,35.93,2774
2024-01-16 04:15:00,35.93,36.81,35.92,36.8,4190
2024-01-16 04:30:00,36.8,36.97,36.73,36.9,657
2024-01-16 04:45:00,36.9,37.33,36.65,37.08,1076
2024-01-16 05:00:00,37.08,37.4,36.94,37.26,721
2024-01-16 05:15:00,37.26,37.81,37.2,37.75,1949
2024-01-16 05:30:00,37.75,38.55,37.33,38.13,2619
2024-01-16 05:45:00,38.13,38.23,37.69,37.79,2183
2024-01-16 06:00:00,37.79,38.62,37.73,38.56,1608
2024-01-16 06:15:00,38.56,38.81,37.83,38.08,2244
2024-01-16 06:30:00,38.08,38.41,37.25,37.59,1300
2024-01-16 06:45:00,37.59,37.62,37.21,37.24,1551
2024-01-16 07:00:00,37.24,37.5,36.6,36.87,1417
2024-01-16 07:15:00,36.87,38.51,36.17,37.82,3605
2024-01-16 07:30:00,37.82,38.1,37.75,38.03,1917
2024-01-16 07:45:00,38.03,38.26,37.63,37.87,1539
2024-01-16 08:00:00,37.87,39.1,37.36,38.59,1457
2024-01-16 08:15:00,38.59,38.87,38.56,38.84,2019
2024-01-16 08:30:00,38.84,38.95,37.45,37.57,3044
2024-01-16 08:45:00,37.57,37.87,35.29,35.59,7180
2024-01-16 09:00:00,35.59,36.37,34.3,35.08,2962
2024-01-16 09:15:00,35.08,36.39,34.98,36.29,3845
2024-01-16 09:30:00,36.29,36.66,34.22,34.59,6761
2024-01-16 09:45:00,34.59,35.22,34.03,34.67,708
2024-01-16 10:00:00,34.67,35.59,34.54,35.46,4364
2024-01-16 10:15:00,35.46,35.66,35.0,35.2,1981
2024-01-16 10:30:00,35.2,35.74,34.74,35.28,1695
2024-01-16 10:45:00,35.28,35.73,34.24,34.69,1892
2024-01-16 11:00:00,34.69,34.89,33.48,33.69,1806
2024-01-16 11:15:00,33.69,33.8,31.53,31.64,5813
2024-01-16 11:30:00,31.64,32.08,31.02,31.46,980
2024-01-16 11:45:00,31.46,31.99,30.84,31.37,831
2024-01-16 12:00:00,31.37,31.74,31.09,31.46,1738
2024-01-16 12:15:00,31.46,31.74,30.8,31.08,1902
2024-01-16 12:30:00,31.08,31.57,30.46,30.96,1107
2024-01-16 12:45:00,30.96,31.33,30.71,31.08,1974
2024-01-16 13:00:00,31.08,32.3,30.95,32.17,3798
2024-01-16 13:15:00,32.17,32.44,31.61,31.88,2067
2024-01-16 13:30:00,31.88,32.2,31.84,32.17,1140
2024-01-16 13:45:00,32.17,33.21,31.97,33.01,3634
2024-01-16 14:00:00,33.01,33.11,31.41,31.51,6114
2024-01-16 14:15:00,31.51,31.89,29.5,29.88,4149
2024-01-16 14:30:00,29.88,30.23,29.29,29.64,2391
2024-01-16 14:45:00,29.64,30.1,29.58,30.04,1892
2024-01-16 15:00:00,30.04,31.1,29.83,30.9,2973
2024-01-16 15:15:00,30.9,31.4,30.89,31.39,1595
2024-01-16 15:30:00,31.39,33.0,31.02,32.62,3604
2024-01-16 15:45:00,32.62,34.06,32.0,33.43,4068
2024-01-16 16:00:00,33.43,33.44,32.49,32.5,4412
2024-01-16 16:15:00,32.5,32.81,31.97,32.28,1246
2024-01-16 16:30:00,32.28,34.14,31.84,33.69,4900
2024-01-16 16:45:00,33.69,33.93,33.37,33.61,704
2024-01-16 17:00:00,33.61,33.95,32.92,33.25,2310
2024-01-16 17:15:00,33.25,33.39,32.91,33.05,1334
2024-01-16 17:30:00,33.05,33.45,32.26,32.67,2844
2024-01-16 17:45:00,32.67,32.79,32.28,32.41,1827
2024-01-16 18:00:00,32.41,32.7,31.87,32.16,1626
2024-01-16 18:15:00,32.16,33.17,31.68,32.7,2646
2024-01-16 18:30:00,32.7,34.08,32.13,33.51,3420
2024-01-16 18:45:00,33.51,34.45,33.48,34.42,4429
2024-01-16 19:00:00,34.42,35.67,33.75,35.01,1755
2024-01-16 19:15:00,35.01,37.1,33.8,35.89,2493
2024-01-16 19:30:00,35.89,36.46,35.63,36.2,990
2024-01-16 19:45:00,36.2,36.81,35.75,36.36,1774
2024-01-16 20:00:00,36.36,36.92,35.96,36.51,1791
2024-01-16 20:15:00,36.51,36.55,35.5,35.53,3159
2024-01-16 20:30:00,35.53,36.6,35.31,36.38,3066
2024-01-16 20:45:00,36.38,36.79,36.07,36.48,719
2024-01-16 21:00:00,36.48,37.2,36.4,37.12,2116
2024-01-16 21:15:00,37.12,38.6,36.91,38.39,2731
2024-01-16 21:30:00,38.39,41.53,37.67,40.81,8349
2024-01-16 21:45:00,40.81,43.21,40.29,42.7,3085
2024-01-16 22:00:00,42.7,44.64,42.09,44.03,5386
2024-01-16 22:15:00,44.03,44.46,43.31,43.74,1915
2024-01-16 22:30:00,43.74,44.24,42.44,42.94,1943
2024-01-16 22:45:00,42.94,42.95,41.07,41.08,6548
2024-01-16 23:00:00,41.08,43.06,40.82,42.8,5740
2024-01-16 23:15:00,42.8,42.86,41.18,41.24,2598
2024-01-16 23:30:00,41.24,41.39,40.75,40.9,2317
2024-01-16 23:45:00,40.9,41.09,40.35,40.55,2255
2024-01-17 00:00:00,40.55,41.55,39.86,40.87,947
2024-01-17 00:15:00,40.87,42.44,40.54,42.1,2303
2024-01-17 00:30:00,42.1,43.87,41.64,43.4,4696
2024-01-17 00:45:00,43.4,43.66,43.21,43.47,1195
2024-01-17 01:00:00,43.47,44.32,42.14,42.99,1349
2024-01-17 01:15:00,42.99,43.54,42.57,43.12,1583
2024-01-17 01:30:00,43.12,43.27,41.78,41.93,5020
2024-01-17 01:45:00,41.93,42.23,41.54,41.84,974
2024-01-17 02:00:00,41.84,42.45,41.3,41.92,1335
2024-01-17 02:15:00,41.92,42.35,41.44,41.88,1447
2024-01-17 02:30:00,41.88,43.23,41.35,42.71,3442
2024-01-17 02:45:00,42.71,43.41,42.16,42.87,1903
2024-01-17 03:00:00,42.87,43.54,42.06,42.73,1864
2024-01-17 03:15:00,42.73,44.8,42.66,44.73,5943
2024-01-17 03:30:00,44.73,45.59,44.32,45.18,1223
2024-01-17 03:45:00,45.18,47.03,44.95,46.8,6072
2024-01-17 04:00:00,46.8,47.37,46.45,47.03,1909
2024-01-17 04:15:00,47.03,47.14,45.76,45.87,3690
2024-01-17 04:30:00,45.87,46.89,44.42,45.44,2023
2024-01-17 04:45:00,45.44,46.62,45.12,46.29,1435
2024-01-17 05:00:00,46.29,46.53,45.27,45.51,1915
2024-01-17 05:15:00,45.51,46.31,45.31,46.11,2788
2024-01-17 05:30:00,46.11,46.67,45.32,45.88,1659
2024-01-17 05:45:00,45.88,47.78,45.14,47.05,3645
2024-01-17 06:00:00,47.05,47.18,46.61,46.74,1150
2024-01-17 06:15:00,46.74,47.4,44.3,44.96,2677
2024-01-17 06:30:00,44.96,45.58,43.96,44.58,2208
2024-01-17 06:45:00,44.58,44.77,41.99,42.18,4044
2024-01-17 07:00:00,42.18,42.29,40.62,40.74,5668
2024-01-17 07:15:00,40.74,42.35,40.02,41.63,3856
2024-01-17 07:30:00,41.63,41.81,41.37,41.55,1547
2024-01-17 07:45:00,41.55,43.18,40.95,42.59,4030
2024-01-17 08:00:00,42.59,43.5,40.21,41.11,5825
2024-01-17 08:15:00,41.11,42.7,41.07,42.66,3450
2024-01-17 08:30:00,42.66,42.82,42.64,42.81,1320
2024-01-17 08:45:00,42.81,42.91,41.66,41.76,4103
2024-01-17 09:00:00,41.76,41.77,40.7,40.71,3222
2024-01-17 09:15:00,40.71,41.09,39.4,39.78,2676
2024-01-17 09:30:00,39.78,40.13,37.3,37.66,4288
2024-01-17 09:45:00,37.66,38.68,37.63,38.66,4103
2024-01-17 10:00:00,38.66,38.86,38.45,38.64,589
2024-01-17 10:15:00,38.64,39.32,37.5,38.18,2334
2024-01-17 10:30:00,38.18,38.57,37.62,38.01,1919
2024-01-17 10:45:00,38.01,39.61,37.89,39.49,4569
2024-01-17 11:00:00,39.49,39.55,39.23,39.3,1343
2024-01-17 11:15:00,39.3,41.27,37.96,39.94,2380
2024-01-17 11:30:00,39.94,40.69,38.86,39.61,1110
2024-01-17 11:45:00,39.61,39.94,39.25,39.59,557
2024-01-17 12:00:00,39.59,39.61,38.77,38.79,3544
2024-01-17 12:15:00,38.79,39.52,37.46,38.18,3339
2024-01-17 12:30:00,38.18,39.01,37.07,37.89,1048
2024-01-17 12:45:00,37.89,38.34,37.66,38.1,1208
2024-01-17 13:00:00,38.1,39.87,37.81,39.58,5515
2024-01-17 13:15:00,39.58,40.19,38.07,38.68,1578
2024-01-17 13:30:00,38.68,38.77,38.23,38.32,1860
2024-01-17 13:45:00,38.32,39.92,37.74,39.34,4926
2024-01-17 14:00:00,39.34,39.67,38.79,39.12,1493
2024-01-17 14:15:00,39.12,39.63,37.26,37.76,2847
2024-01-17 14:30:00,37.76,38.54,37.39,38.17,2096
2024-01-17 14:45:00,38.17,38.39,37.73,37.96,1067
2024-01-17 15:00:00,37.96,38.02,37.45,37.52,2430
2024-01-17 15:15:00,37.52,39.43,37.33,39.24,6317
2024-01-17 15:30:00,39.24,39.44,37.47,37.67,2870
2024-01-17 15:45:00,37.67,38.38,37.26,37.97,2281
2024-01-17 16:00:00,37.97,38.81,37.85,38.69,3850
2024-01-17 16:15:00,38.69,39.45,38.6,39.35,1296
2024-01-17 16:30:00,39.35,40.18,39.35,40.18,1635
2024-01-17 16:45:00,40.18,40.31,38.21,38.34,3808
2024-01-17 17:00:00,38.34,38.77,37.38,37.81,1818
2024-01-17 17:15:00,37.81,39.1,35.84,37.14,2517
2024-01-17 17:30:00,37.14,38.08,37.0,37.94,4101
2024-01-17 17:45:00,37.94,38.63,36.93,37.62,1033
2024-01-17 18:00:00,37.62,38.15,37.55,38.07,2234
2024-01-17 18:15:00,38.07,38.48,37.54,37.95,1392
2024-01-17 18:30:00,37.95,37.98,36.65,36.68,3633
2024-01-17 18:45:00,36.68,37.1,36.28,36.7,600
2024-01-17 19:00:00,36.7,36.98,35.2,35.47,3056
2024-01-17 19:15:00,35.47,36.12,33.97,34.61,4131
2024-01-17 19:30:00,34.61,34.95,33.65,33.98,2699
2024-01-17 19:45:00,33.98,34.84,32.85,33.7,2527
2024-01-17 20:00:00,33.7,34.95,33.48,34.72,2785
2024-01-17 20:15:00,34.72,35.26,33.61,34.15,3158
2024-01-17 20:30:00,34.15,34.83,34.12,34.8,2912
2024-01-17 20:45:00,34.8,36.71,34.41,36.33,3754
2024-01-17 21:00:00,36.33,37.12,35.4,36.2,1044
2024-01-17 21:15:00,36.2,37.68,36.17,37.65,4128
2024-01-17 21:30:00,37.65,38.23,37.36,37.95,1728
2024-01-17 21:45:00,37.95,39.5,37.15,38.7,3369
2024-01-17 22:00:00,38.7,38.72,38.0,38.02,2635
2024-01-17 22:15:00,38.02,39.93,37.84,39.75,3448
2024-01-17 22:30:00,39.75,40.31,39.43,39.99,1440
2024-01-17 22:45:00,39.99,40.27,39.58,39.85,914
2024-01-17 23:00:00,39.85,39.88,39.5,39.52,900
2024-01-17 23:15:00,39.52,40.58,37.03,38.08,5199
2024-01-17 23:30:00,38.08,38.8,37.69,38.4,2490
2024-01-17 23:45:00,38.4,38.5,38.34,38.44,813
2024-01-18 00:00:00,38.44,39.62,37.52,38.7,987
2024-01-18 00:15:00,38.7,38.9,37.74,37.94,3402
2024-01-18 00:30:00,37.94,38.2,37.81,38.07,996
2024-01-18 00:45:00,38.07,39.18,37.59,38.7,1722
2024-01-18 01:00:00,38.7,39.57,37.55,38.42,1501
2024-01-18 01:15:00,38.42,40.71,37.57,39.85,2908
2024-01-18 01:30:00,39.85,40.52,39.7,40.37,2000
2024-01-18 01:45:00,40.37,41.56,39.67,40.86,2194
2024-01-18 02:00:00,40.86,41.48,39.6,40.22,2840
2024-01-18 02:15:00,40.22,40.43,39.96,40.18,1434
2024-01-18 02:30:00,40.18,40.55,38.01,38.38,4369
2024-01-18 02:45:00,38.38,39.51,37.85,38.98,2088
2024-01-18 03:00:00,38.98,39.77,37.99,38.78,974
2024-01-18 03:15:00,38.78,38.92,38.78,38.92,693
2024-01-18 03:30:00,38.92,39.29,38.14,38.51,1851
2024-01-18 03:45:00,38.51,39.45,38.31,39.25,3061
2024-01-18 04:00:00,39.25,39.44,38.16,38.35,1513
2024-01-18 04:15:00,38.35,38.77,37.78,38.2,713
2024-01-18 04:30:00,38.2,38.25,37.73,37.78,2408
2024-01-18 04:45:00,37.78,38.16,36.54,36.93,1491
2024-01-18 05:00:00,36.93,37.17,36.22,36.47,1134
2024-01-18 05:15:00,36.47,37.57,36.09,37.2,1896
2024-01-18 05:30:00,37.2,38.27,36.42,37.49,2123
2024-01-18 05:45:00,37.49,38.8,37.16,38.47,3092
2024-01-18 06:00:00,38.47,39.32,37.21,38.05,1284
2024-01-18 06:15:00,38.05,38.79,37.98,38.71,3093
2024-01-18 06:30:00,38.71,38.77,38.0,38.05,3275
2024-01-18 06:45:00,38.05,38.41,36.74,37.1,3662
2024-01-18 07:00:00,37.1,37.62,36.78,37.3,1494
2024-01-18 07:15:00,37.3,37.34,37.08,37.11,856
2024-01-18 07:30:00,37.11,37.91,37.01,37.8,2918
2024-01-18 07:45:00,37.8,38.13,37.59,37.91,1393
2024-01-18 08:00:00,37.91,38.51,36.28,36.87,4218
2024-01-18 08:15:00,36.87,38.1,36.69,37.92,4347
2024-01-18 08:30:00,37.92,38.05,36.32,36.45,5914
2024-01-18 08:45:00,36.45,37.09,35.54,36.19,1260
2024-01-18 09:00:00,36.19,36.57,36.14,36.52,2087
2024-01-18 09:15:00,36.52,36.83,36.16,36.48,722
2024-01-18 09:30:00,36.48,38.43,36.04,37.99,3161
2024-01-18 09:45:00,37.99,38.01,37.96,37.99,1362
2024-01-18 10:00:00,37.99,40.99,36.59,39.59,2496
2024-01-18 10:15:00,39.59,39.73,38.82,38.96,1970
2024-01-18 10:30:00,38.96,39.96,38.66,39.66,1367
2024-01-18 10:45:00,39.66,40.43,39.48,40.25,3353
2024-01-18 11:00:00,40.25,40.28,38.96,39.0,2862
2024-01-18 11:15:00,39.0,39.91,38.98,39.89,1533
2024-01-18 11:30:00,39.89,41.23,39.7,41.04,1888
2024-01-18 11:45:00,41.04,41.04,40.31,40.31,3181
2024-01-18 12:00:00,40.31,41.21,40.2,41.1,3175
2024-01-18 12:15:00,41.1,41.38,39.62,39.9,4090
2024-01-18 12:30:00,39.9,40.04,39.85,39.99,1374
2024-01-18 12:45:00,39.99,40.75,39.3,40.06,733
2024-01-18 13:00:00,40.06,41.07,38.71,39.72,1267
2024-01-18 13:15:00,39.72,40.42,39.23,39.93,1369
2024-01-18 13:30:00,39.93,41.34,39.64,41.05,2018
2024-01-18 13:45:00,41.05,41.28,40.82,41.04,716
2024-01-18 14:00:00,41.04,44.28,40.31,43.55,7365
2024-01-18 14:15:00,43.55,43.55,43.5,43.5,1522
2024-01-18 14:30:00,43.5,44.08,43.29,43.87,2403
2024-01-18 14:45:00,43.87,45.0,43.67,44.81,3873
2024-01-18 15:00:00,44.81,46.68,44.31,46.18,2082
2024-01-18 15:15:00,46.18,46.34,45.66,45.82,1854
2024-01-18 15:30:00,45.82,46.17,45.45,45.8,956
2024-01-18 15:45:00,45.8,45.97,44.34,44.51,3842
2024-01-18 16:00:00,44.51,45.29,44.06,44.84,2458
2024-01-18 16:15:00,44.84,45.28,43.1,43.53,4657
2024-01-18 16:30:00,43.53,44.48,42.65,43.6,749
2024-01-18 16:45:00,43.6,44.39,41.93,42.73,2317
2024-01-18 17:00:00,42.73,43.74,42.58,43.59,2855
2024-01-18 17:15:00,43.59,45.04,43.25,44.71,3962
2024-01-18 17:30:00,44.71,45.68,42.8,43.78,2488
2024-01-18 17:45:00,43.78,43.92,43.59,43.73,1308
2024-01-18 18:00:00,43.73,43.95,43.19,43.41,1836
2024-01-18 18:15:00,43.41,43.71,43.03,43.33,1741
2024-01-18 18:30:00,43.33,44.12,42.74,43.53,2076
2024-01-18 18:45:00,43.53,44.47,42.48,43.41,1701
2024-01-18 19:00:00,43.41,44.13,42.72,43.44,1218
2024-01-18 19:15:00,43.44,43.59,42.6,42.76,3081
2024-01-18 19:30:00,42.76,43.87,42.4,43.51,3149
2024-01-18 19:45:00,43.51,43.54,42.53,42.56,3376
2024-01-18 20:00:00,42.56,43.09,41.67,42.21,2363
2024-01-18 20:15:00,42.21,42.38,40.37,40.54,4926
2024-01-18 20:30:00,40.54,41.43,40.54,41.43,1715
2024-01-18 20:45:00,41.43,42.82,41.27,42.66,4169
2024-01-18 21:00:00,42.66,44.41,42.1,43.86,2892
2024-01-18 21:15:00,43.86,44.39,42.72,43.25,2072
2024-01-18 21:30:00,43.25,43.55,42.44,42.74,1705
2024-01-18 21:45:00,42.74,43.28,42.59,43.13,927
2024-01-18 22:00:00,43.13,43.92,42.56,43.34,1554
2024-01-18 22:15:00,43.34,45.53,42.68,44.87,4328
2024-01-18 22:30:00,44.87,46.28,42.67,44.07,2156
2024-01-18 22:45:00,44.07,45.22,43.2,44.34,805
2024-01-18 23:00:00,44.34,44.89,44.11,44.67,860
2024-01-18 23:15:00,44.67,44.7,43.28,43.31,3814
2024-01-18 23:30:00,43.31,44.47,42.93,44.09,1913
2024-01-18 23:45:00,44.09,44.31,43.81,44.04,1477
2024-01-19 00:00:00,44.04,44.84,43.88,44.69,1994
2024-01-19 00:15:00,44.69,47.01,43.81,46.13,5377
2024-01-19 00:30:00,46.13,47.23,45.49,46.58,1037
2024-01-19 00:45:00,46.58,47.21,44.8,45.43,1889
2024-01-19 01:00:00,45.43,45.84,44.02,44.43,4047
2024-01-19 01:15:00,44.43,45.17,44.27,45.01,2278
2024-01-19 01:30:00,45.01,46.92,44.88,46.8,3129
2024-01-19 01:45:00,46.8,48.01,46.52,47.73,2877
2024-01-19 02:00:00,47.73,48.08,46.39,46.74,2320
2024-01-19 02:15:00,46.74,46.83,45.09,45.18,4133
2024-01-19 02:30:00,45.18,47.51,44.57,46.9,2325
2024-01-19 02:45:00,46.9,48.22,46.54,47.87,3758
2024-01-19 03:00:00,47.87,48.43,45.53,46.09,4986
2024-01-19 03:15:00,46.09,46.28,45.0,45.19,2477
2024-01-19 03:30:00,45.19,46.49,44.69,46.0,2962
2024-01-19 03:45:00,46.0,46.53,45.53,46.07,1075
2024-01-19 04:00:00,46.07,46.68,45.35,45.96,1241
2024-01-19 04:15:00,45.96,46.2,45.75,45.99,1510
2024-01-19 04:30:00,45.99,47.15,45.42,46.58,2056
2024-01-19 04:45:00,46.58,46.9,45.05,45.37,3038
2024-01-19 05:00:00,45.37,45.44,44.22,44.29,4545
2024-01-19 05:15:00,44.29,45.29,43.07,44.07,1520
2024-01-19 05:30:00,44.07,45.06,44.0,45.0,3963
2024-01-19 05:45:00,45.0,46.94,44.62,46.56,2186
2024-01-19 06:00:00,46.56,46.91,45.03,45.38,3844
2024-01-19 06:15:00,45.38,46.44,44.95,46.01,1127
2024-01-19 06:30:00,46.01,47.75,45.92,47.65,2921
2024-01-19 06:45:00,47.65,47.93,47.41,47.7,1597
2024-01-19 07:00:00,47.7,49.56,47.44,49.3,2445
2024-01-19 07:15:00,49.3,49.46,49.07,49.23,680
2024-01-19 07:30:00,49.23,50.93,48.2,49.9,1268
2024-01-19 07:45:00,49.9,50.18,49.38,49.65,2112
2024-01-19 08:00:00,49.65,50.31,49.52,50.18,2143
2024-01-19 08:15:00,50.18,50.31,49.23,49.36,2566
2024-01-19 08:30:00,49.36,50.1,47.81,48.55,1968
2024-01-19 08:45:00,48.55,50.9,47.65,49.99,5237
2024-01-19 09:00:00,49.99,50.24,48.57,48.82,3505
2024-01-19 09:15:00,48.82,49.0,48.69,48.88,1600
2024-01-19 09:30:00,48.88,49.25,48.59,48.96,975
2024-01-19 09:45:00,48.96,50.5,48.64,50.18,2245
2024-01-19 10:00:00,50.18,51.37,50.17,51.37,3058
2024-01-19 10:15:00,51.37,52.2,50.93,51.77,1547
2024-01-19 10:30:00,51.77,51.91,51.68,51.83,1632
2024-01-19 10:45:00,51.83,52.95,51.63,52.75,2601
2024-01-19 11:00:00,52.75,53.94,52.67,53.86,1574
2024-01-19 11:15:00,53.86,54.62,52.06,52.81,2235
2024-01-19 11:30:00,52.81,53.81,52.37,53.37,1271
2024-01-19 11:45:00,53.37,54.9,52.76,54.29,1560
2024-01-19 12:00:00,54.29,56.18,54.0,55.89,2308
2024-01-19 12:15:00,55.89,58.91,54.83,57.85,5883
2024-01-19 12:30:00,57.85,58.18,57.03,57.36,1992
2024-01-19 12:45:00,57.36,58.92,55.54,57.1,1324
2024-01-19 13:00:00,57.1,57.53,54.99,55.43,3634
2024-01-19 13:15:00,55.43,56.44,54.82,55.83,1518
2024-01-19 13:30:00,55.83,55.93,54.54,54.64,3807
2024-01-19 13:45:00,54.64,55.73,50.55,51.64,7306
2024-01-19 14:00:00,51.64,51.97,48.62,48.95,4571
2024-01-19 14:15:00,48.95,53.03,47.48,51.56,4344
2024-01-19 14:30:00,51.56,52.62,51.14,52.2,2151
2024-01-19 14:45:00,52.2,52.57,50.52,50.89,1962
2024-01-19 15:00:00,50.89,51.5,50.12,50.73,740
2024-01-19 15:15:00,50.73,52.38,50.1,51.76,3588
2024-01-19 15:30:00,51.76,53.02,48.67,49.93,3793
2024-01-19 15:45:00,49.93,50.21,48.89,49.18,1937
2024-01-19 16:00:00,49.18,49.68,49.14,49.64,2134
2024-01-19 16:15:00,49.64,51.88,49.59,51.82,3828
2024-01-19 16:30:00,51.82,52.54,51.65,52.36,1712
2024-01-19 16:45:00,52.36,53.96,51.86,53.46,2684
2024-01-19 17:00:00,53.46,53.98,52.72,53.24,1563
2024-01-19 17:15:00,53.24,53.73,53.12,53.61,2298
2024-01-19 17:30:00,53.61,57.01,52.26,55.66,6095
2024-01-19 17:45:00,55.66,56.94,55.09,56.37,2707
2024-01-19 18:00:00,56.37,57.24,55.39,56.25,1316
2024-01-19 18:15:00,56.25,56.85,54.8,55.4,2439
2024-01-19 18:30:00,55.4,56.47,53.99,55.05,941
2024-01-19 18:45:00,55.05,55.85,53.64,54.44,2346
2024-01-19 19:00:00,54.44,57.99,54.04,57.59,5385
2024-01-19 19:15:00,57.59,58.09,54.78,55.28,3421
2024-01-19 19:30:00,55.28,56.97,54.95,56.65,1835
2024-01-19 19:45:00,56.65,57.45,55.71,56.51,828
2024-01-19 20:00:00,56.51,58.88,55.19,57.56,1771
2024-01-19 20:15:00,57.56,61.53,56.64,60.62,3167
2024-01-19 20:30:00,60.62,61.35,58.98,59.72,3089
2024-01-19 20:45:00,59.72,60.65,57.15,58.08,3294
2024-01-19 21:00:00,58.08,60.09,54.61,56.61,2012
2024-01-19 21:15:00,56.61,56.92,54.57,54.89,2056
2024-01-19 21:30:00,54.89,55.62,52.8,53.54,4699
2024-01-19 21:45:00,53.54,54.32,52.43,53.21,1037
2024-01-19 22:00:00,53.21,54.58,52.73,54.1,2994
2024-01-19 22:15:00,54.1,54.63,52.36,52.89,2176
2024-01-19 22:30:00,52.89,53.42,51.81,52.33,1288
2024-01-19 22:45:00,52.33,52.56,50.47,50.7,4258
2024-01-19 23:00:00,50.7,51.78,50.26,51.34,1983
2024-01-19 23:15:00,51.34,51.6,49.75,50.01,2243
2024-01-19 23:30:00,50.01,50.02,49.69,49.7,2088
2024-01-19 23:45:00,49.7,51.22,48.89,50.41,2910
2024-01-20 00:00:00,50.41,50.78,50.08,50.46,971
2024-01-20 00:15:00,50.46,51.33,47.93,48.8,5173
2024-01-20 00:30:00,48.8,49.7,48.62,49.51,2677
2024-01-20 00:45:00,49.51,50.36,48.75,49.6,829
2024-01-20 01:00:00,49.6,52.34,48.26,51.0,3918
2024-01-20 01:15:00,51.0,52.24,50.76,52.0,4029
2024-01-20 01:30:00,52.0,53.08,51.65,52.74,2137
2024-01-20 01:45:00,52.74,52.94,52.19,52.39,1685
2024-01-20 02:00:00,52.39,55.27,51.46,54.34,3904
2024-01-20 02:15:00,54.34,57.01,54.29,56.96,5034
2024-01-20 02:30:00,56.96,57.17,54.32,54.53,5335
2024-01-20 02:45:00,54.53,55.22,53.85,54.54,1472
2024-01-20 03:00:00,54.54,55.26,54.26,54.98,904
2024-01-20 03:15:00,54.98,56.43,54.23,55.68,2838
2024-01-20 03:30:00,55.68,59.97,54.28,58.57,6002
2024-01-20 03:45:00,58.57,59.34,57.79,58.56,584
2024-01-20 04:00:00,58.56,59.5,58.08,59.02,1805
2024-01-20 04:15:00,59.02,59.33,57.16,57.47,1660
2024-01-20 04:30:00,57.47,57.94,57.24,57.71,879
2024-01-20 04:45:00,57.71,60.44,57.58,60.31,6104
2024-01-20 05:00:00,60.31,60.65,58.3,58.64,3296
2024-01-20 05:15:00,58.64,60.02,57.93,59.31,2093
2024-01-20 05:30:00,59.31,59.36,58.82,58.88,1061
2024-01-20 05:45:00,58.88,59.42,58.46,59.0,1131
2024-01-20 06:00:00,59.0,61.13,58.15,60.28,4143
2024-01-20 06:15:00,60.28,60.61,59.64,59.97,1585
2024-01-20 06:30:00,59.97,61.82,59.42,61.27,2278
2024-01-20 06:45:00,61.27,62.91,60.56,62.2,1576
2024-01-20 07:00:00,62.2,62.7,61.42,61.92,1951
2024-01-20 07:15:00,61.92,62.01,61.83,61.92,1252
2024-01-20 07:30:00,61.92,62.32,61.24,61.65,1651
2024-01-20 07:45:00,61.65,63.01,60.34,61.7,576
2024-01-20 08:00:00,61.7,62.53,61.02,61.85,615
2024-01-20 08:15:00,61.85,62.31,61.04,61.5,996
2024-01-20 08:30:00,61.5,62.22,60.87,61.59,1154
2024-01-20 08:45:00,61.59,62.46,60.55,61.42,1167
2024-01-20 09:00:00,61.42,62.72,57.89,59.19,5669
2024-01-20 09:15:00,59.19,60.59,58.45,59.84,1858
2024-01-20 09:30:00,59.84,61.1,59.66,60.91,2533
2024-01-20 09:45:00,60.91,61.81,57.69,58.59,2523
2024-01-20 10:00:00,58.59,59.69,57.32,58.42,1487
2024-01-20 10:15:00,58.42,61.26,57.74,60.59,4578
2024-01-20 10:30:00,60.59,61.34,57.98,58.73,3323
2024-01-20 10:45:00,58.73,59.83,58.06,59.16,2369
2024-01-20 11:00:00,59.16,60.11,57.51,58.45,2523
2024-01-20 11:15:00,58.45,58.88,57.56,57.99,1861
2024-01-20 11:30:00,57.99,59.98,56.24,58.22,1634
2024-01-20 11:45:00,58.22,59.44,58.03,59.24,1941
2024-01-20 12:00:00,59.24,59.92,57.4,58.07,3775
2024-01-20 12:15:00,58.07,58.12,55.77,55.81,5902
2024-01-20 12:30:00,55.81,57.89,54.97,57.05,1885
2024-01-20 12:45:00,57.05,57.72,56.66,57.34,1680
2024-01-20 13:00:00,57.34,59.43,56.87,58.96,4608
2024-01-20 13:15:00,58.96,59.22,57.65,57.91,1745
2024-01-20 13:30:00,57.91,58.9,57.37,58.36,1390
2024-01-20 13:45:00,58.36,59.21,57.49,58.35,825
2024-01-20 14:00:00,58.35,60.38,57.71,59.74,4141
2024-01-20 14:15:00,59.74,60.0,58.98,59.24,2262
2024-01-20 14:30:00,59.24,59.88,58.3,58.94,1675
2024-01-20 14:45:00,58.94,59.68,57.16,57.9,2015
2024-01-20 15:00:00,57.9,60.25,56.93,59.28,2749
2024-01-20 15:15:00,59.28,59.63,58.98,59.33,1583
2024-01-20 15:30:00,59.33,59.79,58.67,59.13,993
2024-01-20 15:45:00,59.13,60.04,57.08,57.99,1675
2024-01-20 16:00:00,57.99,58.26,56.03,56.29,3661
2024-01-20 16:15:00,56.29,56.4,55.04,55.14,3366
2024-01-20 16:30:00,55.14,57.32,54.79,56.97,2232
2024-01-20 16:45:00,56.97,58.69,55.88,57.61,1037
2024-01-20 17:00:00,57.61,59.08,57.54,59.01,4408
2024-01-20 17:15:00,59.01,60.6,58.19,59.77,3063
2024-01-20 17:30:00,59.77,60.81,56.59,57.63,6062
2024-01-20 17:45:00,57.63,59.69,57.41,59.47,3432
2024-01-20 18:00:00,59.47,61.49,57.82,59.84,797
2024-01-20 18:15:00,59.84,60.05,58.52,58.74,1647
2024-01-20 18:30:00,58.74,60.11,58.01,59.38,1191
2024-01-20 18:45:00,59.38,62.13,58.1,60.84,3569
2024-01-20 19:00:00,60.84,61.72,59.68,60.55,1240
2024-01-20 19:15:00,60.55,62.13,56.91,58.48,2407
2024-01-20 19:30:00,58.48,59.62,58.46,59.59,3877
2024-01-20 19:45:00,59.59,60.12,59.36,59.89,1815
2024-01-20 20:00:00,59.89,59.96,59.38,59.45,1823
2024-01-20 20:15:00,59.45,60.38,59.39,60.33,3395
2024-01-20 20:30:00,60.33,60.93,59.98,60.59,1024
2024-01-20 20:45:00,60.59,61.9,56.88,58.19,5455
2024-01-20 21:00:00,58.19,59.33,57.56,58.7,2240
2024-01-20 21:15:00,58.7,59.98,58.27,59.55,1459
2024-01-20 21:30:00,59.55,60.86,58.52,59.82,1075
2024-01-20 21:45:00,59.82,61.08,59.72,60.98,1820
2024-01-20 22:00:00,60.98,61.36,59.48,59.87,3047
2024-01-20 22:15:00,59.87,59.91,58.37,58.42,3237
2024-01-20 22:30:00,58.42,59.4,57.82,58.8,1713
2024-01-20 22:45:00,58.8,59.89,57.83,58.92,837
2024-01-20 23:00:00,58.92,60.18,58.58,59.85,3070
2024-01-20 23:15:00,59.85,60.2,59.52,59.88,1203
2024-01-20 23:30:00,59.88,61.84,58.56,60.52,2899
2024-01-20 23:45:00,60.52,60.66,60.3,60.44,1650
2024-01-21 00:00:00,60.44,60.93,58.67,59.16,1618
2024-01-21 00:15:00,59.16,62.89,57.96,61.69,5279
2024-01-21 00:30:00,61.69,64.19,59.87,62.38,2032
2024-01-21 00:45:00,62.38,62.5,61.81,61.93,1848
2024-01-21 01:00:00,61.93,62.15,60.38,60.6,3497
2024-01-21 01:15:00,60.6,63.03,59.78,62.22,2441
2024-01-21 01:30:00,62.22,64.59,60.38,62.76,1794
2024-01-21 01:45:00,62.76,63.93,62.37,63.54,2497
2024-01-21 02:00:00,63.54,63.59,63.18,63.23,2068
2024-01-21 02:15:00,63.23,65.4,61.76,63.93,2595
2024-01-21 02:30:00,63.93,64.89,62.95,63.91,785
2024-01-21 02:45:00,63.91,64.5,62.48,63.06,2158
2024-01-21 03:00:00,63.06,64.01,61.48,62.43,2747
2024-01-21 03:15:00,62.43,62.84,59.41,59.82,4730
2024-01-21 03:30:00,59.82,60.32,58.0,58.51,3767
2024-01-21 03:45:00,58.51,60.05,58.01,59.55,2476
2024-01-21 04:00:00,59.55,59.61,58.03,58.09,3641
2024-01-21 04:15:00,58.09,59.9,57.8,59.62,2565
2024-01-21 04:30:00,59.62,60.02,59.35,59.75,734
2024-01-21 04:45:00,59.75,60.23,57.63,58.11,2651
2024-01-21 05:00:00,58.11,58.6,58.06,58.55,1059
2024-01-21 05:15:00,58.55,59.66,58.48,59.59,3265
2024-01-21 05:30:00,59.59,60.8,59.15,60.36,2639
2024-01-21 05:45:00,60.36,61.07,57.31,58.02,5372
2024-01-21 06:00:00,58.02,60.94,56.53,59.46,4364
2024-01-21 06:15:00,59.46,61.29,58.34,60.18,3021
2024-01-21 06:30:00,60.18,61.25,60.04,61.11,1946
2024-01-21 06:45:00,61.11,62.12,59.46,60.47,999
2024-01-21 07:00:00,60.47,62.22,59.95,61.7,1709
2024-01-21 07:15:00,61.7,62.31,61.36,61.97,1413
2024-01-21 07:30:00,61.97,63.83,61.68,63.54,3160
2024-01-21 07:45:00,63.54,64.82,61.81,63.09,1255
2024-01-21 08:00:00,63.09,63.72,61.95,62.58,900
2024-01-21 08:15:00,62.58,62.93,61.23,61.58,1732
2024-01-21 08:30:00,61.58,63.0,58.73,60.15,2374
2024-01-21 08:45:00,60.15,60.72,58.93,59.5,1058
2024-01-21 09:00:00,59.5,59.96,58.77,59.23,997
2024-01-21 09:15:00,59.23,62.24,58.75,61.76,4539
2024-01-21 09:30:00,61.76,62.54,61.26,62.04,1814
2024-01-21 09:45:00,62.04,62.27,61.61,61.84,1484
2024-01-21 10:00:00,61.84,61.98,60.3,60.44,4377
2024-01-21 10:15:00,60.44,61.86,57.74,59.16,2342
2024-01-21 10:30:00,59.16,59.31,56.54,56.69,4846
2024-01-21 10:45:00,56.69,57.63,55.63,56.57,678
2024-01-21 11:00:00,56.57,56.98,55.34,55.75,3121
2024-01-21 11:15:00,55.75,56.93,54.78,55.95,1167
2024-01-21 11:30:00,55.95,56.55,55.68,56.28,1793
2024-01-21 11:45:00,56.28,57.38,55.37,56.47,1080
2024-01-21 12:00:00,56.47,57.59,56.46,57.58,3424
2024-01-21 12:15:00,57.58,58.81,56.99,58.23,1353
2024-01-21 12:30:00,58.23,59.47,58.11,59.35,1603
2024-01-21 12:45:00,59.35,60.49,59.23,60.37,2521
2024-01-21 13:00:00,60.37,62.1,59.92,61.65,3931
2024-01-21 13:15:00,61.65,62.38,61.21,61.94,707
2024-01-21 13:30:00,61.94,62.31,59.83,60.2,2278
2024-01-21 13:45:00,60.2,61.08,60.15,61.02,2319
2024-01-21 14:00:00,61.02,61.38,60.19,60.55,1766
2024-01-21 14:15:00,60.55,60.6,59.57,59.62,3393
2024-01-21 14:30:00,59.62,61.62,58.98,60.98,1616
2024-01-21 14:45:00,60.98,62.27,58.69,59.98,2195
2024-01-21 15:00:00,59.98,60.35,58.34,58.7,2017
2024-01-21 15:15:00,58.7,61.13,57.97,60.39,3648
2024-01-21 15:30:00,60.39,60.64,59.25,59.5,1246
2024-01-21 15:45:00,59.5,60.31,59.23,60.04,2660
2024-01-21 16:00:00,60.04,60.77,59.07,59.81,745
2024-01-21 16:15:00,59.81,61.79,58.89,60.88,1798
2024-01-21 16:30:00,60.88,62.14,59.85,61.11,1411
2024-01-21 16:45:00,61.11,61.86,58.4,59.14,5364
2024-01-21 17:00:00,59.14,59.48,57.76,58.09,2051
2024-01-21 17:15:00,58.09,59.26,57.8,58.98,3230
2024-01-21 17:30:00,58.98,60.13,56.82,57.98,1817
2024-01-21 17:45:00,57.98,59.13,57.94,59.09,3088
2024-01-21 18:00:00,59.09,59.81,56.64,57.35,4936
2024-01-21 18:15:00,57.35,57.74,56.52,56.91,935
2024-01-21 18:30:00,56.91,57.82,55.06,55.97,3340
2024-01-21 18:45:00,55.97,56.38,54.73,55.13,1369
2024-01-21 19:00:00,55.13,55.56,55.08,55.51,1958
2024-01-21 19:15:00,55.51,56.6,53.77,54.86,1198
2024-01-21 19:30:00,54.86,55.02,53.31,53.48,3407
2024-01-21 19:45:00,53.48,53.57,51.78,51.87,4078
